Month,Year,Temp,Ice,Veg,Flood,Rain_mm,Province,,
3,2000,35.44870968,-0.199580645,828.3635,0,9.458,Balochistan,,
4,2000,46.82714286,-0.217,801.5055,0,3.598,Balochistan,,
5,2000,50.7973871,-0.227032258,778.648,0,4.849,Balochistan,,
6,2000,47.59846667,-0.217133333,732.5155,0,3.228,Balochistan,,
7,2000,45.71729032,-0.202967742,773.4665,0,16.286,Balochistan,,
8,2000,44.79063158,-0.184157895,826.3295,0,7.281,Balochistan,,
9,2000,45.69736667,-0.230233333,859.0035,0,2.13,Balochistan,,
10,2000,42.94054839,-0.256419355,868.9705,0,0.069,Balochistan,,
11,2000,32.39423333,-0.269333333,850.58,0,0.621,Balochistan,,
12,2000,26.50403226,-0.275193548,890.5975,0,9.482,Balochistan,,
1,2001,24.93887097,-0.304516129,891.554,0,8.454,Balochistan,,
2,2001,28.63439286,-0.237285714,883.232,0,17.606,Balochistan,,
3,2001,36.60890323,-0.250387097,860.339,0,13.648,Balochistan,,
4,2001,43.74806667,-0.252,826.394,0,19.93,Balochistan,,
5,2001,49.15429032,-0.271870968,781.4685,0,3.553,Balochistan,,
6,2001,46.0888,-0.238933333,721.923,0,8.568,Balochistan,,
7,2001,39.33162069,-0.169896552,803.3435,0,40.048,Balochistan,,
8,2001,43.76670968,-0.243903226,903.1275,0,8.887,Balochistan,,
9,2001,44.1264,-0.280566667,909.821,0,2.481,Balochistan,,
10,2001,41.03235484,-0.287806452,886.348,0,0.04,Balochistan,,
11,2001,33.4928,-0.302466667,856.1385,0,0.134,Balochistan,,
12,2001,27.97851613,-0.267225806,858.7065,0,7.176,Balochistan,,
1,2002,24.38477419,-0.283741935,900.844,0,7.711,Balochistan,,
2,2002,27.68475,-0.234071429,889.1285,0,13.093,Balochistan,,
3,2002,34.53626087,-0.206695652,882.465,0,12.81,Balochistan,,
4,2002,42.38751724,-0.241448276,834.2565,0,9.519,Balochistan,,
5,2002,49.05109677,-0.279193548,797.1825,0,2.308,Balochistan,,
6,2002,48.65136667,-0.2737,772.235,0,3.061,Balochistan,,
7,2002,45.83841935,-0.254225806,772.665,0,4.919,Balochistan,,
8,2002,44.09380645,-0.237806452,816.234,0,6.353,Balochistan,,
9,2002,43.1195,-0.2846,868.393,0,3.125,Balochistan,,
10,2002,41.151,-0.300645161,854.981,0,0.356,Balochistan,,
11,2002,31.60513333,-0.251266667,877.8925,0,3.951,Balochistan,,
12,2002,24.51690323,-0.255,858.492,0,11.321,Balochistan,,
1,2003,24.51954839,-0.225419355,885.1555,0,16.398,Balochistan,,
2,2003,27.19185714,-0.188392857,876.5305,0,22.626,Balochistan,,
3,2003,33.36858065,-0.210870968,872.797,0,16.544,Balochistan,,
4,2003,43.03453333,-0.265033333,885.2995,0,8.036,Balochistan,,
5,2003,44.39522581,-0.267258065,816.3395,0,6.413,Balochistan,,
6,2003,46.88256667,-0.265433333,779.2245,0,3.666,Balochistan,,
7,2003,39.8796129,-0.145193548,846.1955,1,61.848,Balochistan,,
8,2003,41.47312903,-0.232451613,1000.8915,0,17.283,Balochistan,,
9,2003,41.8841,-0.272166667,1018.822,0,2.394,Balochistan,,
10,2003,40.60358065,-0.310096774,994.413,0,0.103,Balochistan,,
11,2003,30.7169,-0.284633333,958.4585,0,1.003,Balochistan,,
12,2003,24.54054167,-0.258458333,917.812,0,4.014,Balochistan,,
1,2004,23.0623871,-0.185096774,959.201,0,25.724,Balochistan,,
2,2004,28.95062069,-0.284448276,942.1265,0,8.027,Balochistan,,
3,2004,38.92535484,-0.279645161,942.009,0,8.221,Balochistan,,
4,2004,42.97253333,-0.2463,868.0125,0,5.372,Balochistan,,
5,2004,47.08251613,-0.272806452,811.9875,0,2.159,Balochistan,,
6,2004,46.2401,-0.264233333,792.899,0,3.441,Balochistan,,
7,2004,43.41880645,-0.245096774,794.7485,0,8.933,Balochistan,,
8,2004,42.46606452,-0.244709677,847.6755,0,8.065,Balochistan,,
9,2004,42.872,-0.2637,891.43,0,2.902,Balochistan,,
10,2004,38.37690323,-0.280322581,868.6315,0,1.292,Balochistan,,
11,2004,33.68593333,-0.2871,859.832,0,1.382,Balochistan,,
12,2004,24.93787097,-0.215451613,876.428,0,15.755,Balochistan,,
1,2005,20.33925806,-0.188354839,885.2685,0,20.618,Balochistan,,
2,2005,22.61271429,-0.106607143,853.8975,1,45.544,Balochistan,,
3,2005,31.59067742,-0.185451613,959.297,0,34.28,Balochistan,,
4,2005,40.34673333,-0.256833333,1028.137,0,6.994,Balochistan,,
5,2005,43.88370968,-0.245967742,1017.145,0,10.375,Balochistan,,
6,2005,47.76073333,-0.260666667,949.2155,0,6.011,Balochistan,,
7,2005,44.71580645,-0.245129032,952.3535,0,20.875,Balochistan,,
8,2005,45.27254839,-0.272580645,991.0145,0,5.527,Balochistan,,
9,2005,44.4878,-0.292833333,1010.904,0,6.57,Balochistan,,
10,2005,40.44741935,-0.313548387,1000.654,0,0.04,Balochistan,,
11,2005,31.8487,-0.292066667,958.416,0,0.563,Balochistan,,
12,2005,25.84735484,-0.287193548,956.7095,0,14.376,Balochistan,,
1,2006,22.63619355,-0.215096774,954.975,0,21.203,Balochistan,,
2,2006,30.19035714,-0.18675,963.565,0,13.321,Balochistan,,
3,2006,34.76132258,-0.221483871,957.3155,0,16.838,Balochistan,,
4,2006,42.5527,-0.2432,916.7185,0,12.683,Balochistan,,
5,2006,48.17212903,-0.282064516,854.4415,0,3.728,Balochistan,,
6,2006,46.6496,-0.278333333,824.428,0,4.62,Balochistan,,
7,2006,43.43574194,-0.229064516,871.8875,0,26.507,Balochistan,,
8,2006,41.48554839,-0.189354839,1045.047,0,33.338,Balochistan,,
9,2006,42.9015,-0.287866667,1046.5025,0,4.762,Balochistan,,
10,2006,40.98441935,-0.300645161,989.683,0,1.541,Balochistan,,
11,2006,31.68893333,-0.246933333,997.179,0,3.12,Balochistan,,
12,2006,21.30974194,-0.204290323,1003.132,0,20.684,Balochistan,,
1,2007,21.56841935,-0.253129032,1001.382,0,17.087,Balochistan,,
2,2007,27.56853571,-0.180285714,1080.4625,0,31.854,Balochistan,,
3,2007,31.25606452,-0.220612903,1169.9235,0,38.697,Balochistan,,
4,2007,43.99416667,-0.267966667,1141.211,0,9.284,Balochistan,,
5,2007,46.75341935,-0.283903226,1000.317,0,6.16,Balochistan,,
6,2007,44.8522,-0.159433333,964.3355,1,23.24,Balochistan,,
7,2007,41.23209677,-0.227709677,1122.0825,0,24.541,Balochistan,,
8,2007,43.57135484,-0.242645161,1219.7095,0,19.39,Balochistan,,
9,2007,42.1347,-0.289033333,1186.8735,0,3.282,Balochistan,,
10,2007,38.09696774,-0.31416129,1123.405,0,0.034,Balochistan,,
11,2007,34.05883333,-0.3083,1087.7675,0,0.19,Balochistan,,
12,2007,24.43490323,-0.261612903,1066.7445,0,10.465,Balochistan,,
1,2008,17.07322581,-0.12383871,1062.377,0,49.178,Balochistan,,
2,2008,25.18513793,-0.263482759,1000.819,0,9.873,Balochistan,,
3,2008,37.60806452,-0.279451613,1003.2185,0,8.259,Balochistan,,
4,2008,41.42933333,-0.242066667,999.9095,0,11.005,Balochistan,,
5,2008,46.75003226,-0.274387097,915.018,0,6.105,Balochistan,,
6,2008,43.99176667,-0.2478,870.5435,0,16.551,Balochistan,,
7,2008,41.92429032,-0.228580645,936.2825,0,25.554,Balochistan,,
8,2008,41.67154839,-0.209612903,1122.4495,0,16.108,Balochistan,,
9,2008,42.79556667,-0.2835,1062.409,0,2.934,Balochistan,,
10,2008,40.73287097,-0.303258065,1001.0765,0,0.076,Balochistan,,
11,2008,31.94576667,-0.307066667,981.119,0,0.249,Balochistan,,
12,2008,25.59644828,-0.209827586,1001.2505,0,18.214,Balochistan,,
1,2009,20.51803226,-0.145870968,1036.9315,0,47.455,Balochistan,,
2,2009,26.16875,-0.21475,1050.349,0,19.462,Balochistan,,
3,2009,34.2983871,-0.18883871,1126.1865,0,21.477,Balochistan,,
4,2009,39.31183333,-0.235166667,1098.8595,0,11.244,Balochistan,,
5,2009,47.75312903,-0.281129032,988.259,0,4.776,Balochistan,,
6,2009,47.3265,-0.2707,926.285,0,3.945,Balochistan,,
7,2009,45.06109677,-0.245677419,935.5395,0,27.66,Balochistan,,
8,2009,45.0713871,-0.259645161,989.2535,0,9.242,Balochistan,,
9,2009,45.04903333,-0.296866667,989.6025,0,3.285,Balochistan,,
10,2009,39.59609677,-0.306612903,973.962,0,0.071,Balochistan,,
11,2009,31.6926,-0.282066667,949.468,0,1.348,Balochistan,,
12,2009,24.94019355,-0.232806452,978.9185,0,19.053,Balochistan,,
1,2010,24.46874194,-0.263774194,1008.869,0,12.973,Balochistan,,
2,2010,26.92932143,-0.201071429,994.028,0,25.668,Balochistan,,
3,2010,38.01409677,-0.278387097,970.1655,0,11.607,Balochistan,,
4,2010,44.46446667,-0.242433333,920.277,0,7.596,Balochistan,,
5,2010,47.43335484,-0.253677419,887.5765,0,7.156,Balochistan,,
6,2010,47.27933333,-0.2468,886.9595,0,5.056,Balochistan,,
7,2010,43.70180645,-0.198741935,949.183,1,32.563,Balochistan,,
8,2010,43.97170968,-0.172064516,1199.4155,0,31.338,Balochistan,,
9,2010,42.23016667,-0.2774,1120.0085,0,8.105,Balochistan,,
10,2010,40.53380645,-0.294064516,1063.744,0,0.713,Balochistan,,
11,2010,32.19293333,-0.324133333,1053.4785,0,0.072,Balochistan,,
12,2010,24.41580645,-0.29216129,993.3055,0,3.53,Balochistan,,
1,2011,23.47745161,-0.25483871,994.1555,1,11.923,Balochistan,,
2,2011,25.87860714,-0.1545,1014.7205,0,36.145,Balochistan,,
3,2011,33.56112903,-0.223612903,1050.216,0,23.718,Balochistan,,
4,2011,40.18243333,-0.2115,1103.4345,0,22.628,Balochistan,,
5,2011,47.86809677,-0.291774194,1012.9715,0,5.516,Balochistan,,
6,2011,47.69486667,-0.2677,910.9215,0,2.871,Balochistan,,
7,2011,42.83364516,-0.238419355,958.3905,0,19.525,Balochistan,,
8,2011,42.65329032,-0.201129032,1099.2115,0,24.385,Balochistan,,
9,2011,41.66066667,-0.230733333,1267.0175,0,10.458,Balochistan,,
10,2011,39.28125806,-0.301741935,1227.69,0,1.126,Balochistan,,
11,2011,32.5594,-0.260366667,1151.365,0,3.281,Balochistan,,
12,2011,24.19935484,-0.290258065,1077.7355,0,4.896,Balochistan,,
1,2012,22.04003226,-0.227387097,1041.0855,0,16.313,Balochistan,,
2,2012,23.87158621,-0.229172414,1014.9635,0,12.425,Balochistan,,
3,2012,33.18429032,-0.253870968,961.566,0,10.155,Balochistan,,
4,2012,39.2927,-0.197466667,960.131,0,17.193,Balochistan,,
5,2012,44.84529032,-0.267096774,958.4005,0,7.651,Balochistan,,
6,2012,46.22026667,-0.268833333,912.1415,0,2.565,Balochistan,,
7,2012,45.00012903,-0.259290323,905.376,0,15.093,Balochistan,,
8,2012,44.46270968,-0.246870968,985.101,0,8.857,Balochistan,,
9,2012,42.16256667,-0.231466667,1124.0095,0,16.485,Balochistan,,
10,2012,39.27193548,-0.306258065,1093.4565,0,1.275,Balochistan,,
11,2012,32.39903333,-0.302266667,1061.095,0,0.524,Balochistan,,
12,2012,24.628,-0.237290323,1051.3665,0,18.918,Balochistan,,
1,2013,23.07364516,-0.269677419,1000.1695,0,12.552,Balochistan,,
2,2013,25.99132143,-0.152928571,1021.192,0,40.902,Balochistan,,
3,2013,34.46896774,-0.236,1088.3755,0,32.45,Balochistan,,
4,2013,38.08063333,-0.191166667,1114.8715,0,16.653,Balochistan,,
5,2013,47.13370968,-0.285806452,1037.756,0,2.589,Balochistan,,
6,2013,45.97583333,-0.258166667,959.1755,0,7.604,Balochistan,,
7,2013,44.93816129,-0.236354839,946.479,0,18.373,Balochistan,,
8,2013,41.77848387,-0.204451613,1144.133,0,26.839,Balochistan,,
9,2013,44.98513333,-0.3068,1088.042,1,2.513,Balochistan,,
10,2013,40.71841935,-0.313032258,1061.126,0,1.879,Balochistan,,
11,2013,31.22026667,-0.2638,1055.039,0,4.093,Balochistan,,
12,2013,24.23148387,-0.317193548,1024.021,0,3.554,Balochistan,,
1,2014,22.61667742,-0.266193548,1026.446,0,14.119,Balochistan,,
2,2014,25.62367857,-0.245321429,1047.2165,0,16.177,Balochistan,,
3,2014,32.08974194,-0.19583871,1052.6785,0,29.347,Balochistan,,
4,2014,40.9225,-0.265633333,1059.2995,0,10.236,Balochistan,,
5,2014,44.33235484,-0.261258065,1024.852,0,11.458,Balochistan,,
6,2014,48.02113333,-0.2946,917.368,0,1.795,Balochistan,,
7,2014,44.71396774,-0.245258065,894.97,1,12.532,Balochistan,,
8,2014,44.33922581,-0.262612903,940.4275,0,10.426,Balochistan,,
9,2014,44.54066667,-0.300066667,961.8445,0,2.47,Balochistan,,
10,2014,39.64893548,-0.297483871,965.56,0,0.609,Balochistan,,
11,2014,31.79363333,-0.295433333,945.5235,0,0.548,Balochistan,,
12,2014,25.92954839,-0.305258065,923,0,3.344,Balochistan,,
1,2015,23.8736129,-0.281967742,958.4505,0,12.128,Balochistan,,
2,2015,27.37489286,-0.205642857,995.8435,0,28.655,Balochistan,,
3,2015,31.73203226,-0.198129032,995.8635,0,23.951,Balochistan,,
4,2015,41.75883333,-0.285266667,981.496,0,10.04,Balochistan,,
5,2015,47.41616129,-0.271677419,943.26,0,6.457,Balochistan,,
6,2015,46.0195,-0.275866667,901.058,0,5.46,Balochistan,,
7,2015,44.27906452,-0.197419355,969.3995,0,32.84,Balochistan,,
8,2015,44.59651613,-0.274193548,1028.612,0,9.202,Balochistan,,
9,2015,43.917,-0.310866667,998.023,0,1.962,Balochistan,,
10,2015,41.14780645,-0.302419355,980.877,0,2.261,Balochistan,,
11,2015,31.65486667,-0.303933333,958.488,0,0.627,Balochistan,,
12,2015,24.37058065,-0.265032258,943.5005,0,5.133,Balochistan,,
1,2016,26.15945161,-0.288258065,956.5585,0,11.994,Balochistan,,
2,2016,27.66145,-0.303947368,988.4315,0,4.746,Balochistan,,
3,2016,33.06254839,-0.15883871,965.4595,0,42.907,Balochistan,,
4,2016,40.55923333,-0.221966667,993.5565,0,17.984,Balochistan,,
5,2016,47.72125806,-0.278741935,914.899,0,9.272,Balochistan,,
6,2016,47.6468,-0.279433333,869.954,1,15.229,Balochistan,,
7,2016,44.72412903,-0.258032258,911.521,0,20.323,Balochistan,,
8,2016,44.37109677,-0.260645161,1014.673,0,25.561,Balochistan,,
9,2016,44.83886667,-0.3073,1005.907,0,3.765,Balochistan,,
10,2016,40.40164516,-0.321419355,972.4725,0,0.13,Balochistan,,
11,2016,32.41803333,-0.3186,952.551,0,0.239,Balochistan,,
12,2016,28.552,-0.31916129,962.8165,0,4.077,Balochistan,,
1,2017,22.72106452,-0.197935484,1004.222,0,56.492,Balochistan,,
2,2017,27.12378571,-0.176321429,1040.445,0,20.562,Balochistan,,
3,2017,33.98393548,-0.229580645,1028.328,0,17.442,Balochistan,,
4,2017,43.95086667,-0.303633333,1005.856,0,4.419,Balochistan,,
5,2017,47.64222581,-0.262451613,931.726,0,16.177,Balochistan,,
6,2017,48.32923333,-0.283966667,899.1,0,10.642,Balochistan,,
7,2017,44.79248387,-0.237483871,957.176,0,29.753,Balochistan,,
8,2017,44.652,-0.277032258,995.9135,0,11.565,Balochistan,,
9,2017,45.19563333,-0.310433333,999.0385,0,3.255,Balochistan,,
10,2017,42.02103226,-0.325870968,967.078,0,0.091,Balochistan,,
11,2017,32.24453333,-0.308966667,952.7505,0,5.532,Balochistan,,
12,2017,24.59322581,-0.288258065,970.7925,0,10.238,Balochistan,,
1,2018,25.18148387,-0.301290323,969.347,0,4.568,Balochistan,,
2,2018,28.06271429,-0.196785714,976.581,0,18.602,Balochistan,,
3,2018,37.59022581,-0.276322581,969.4225,0,16.614,Balochistan,,
4,2018,41.31613333,-0.234133333,916.673,0,8.968,Balochistan,,
5,2018,44.62793548,-0.267064516,871.0775,0,4.33,Balochistan,,
6,2018,48.62123333,-0.284366667,825.7985,0,4.555,Balochistan,,
7,2018,44.106,-0.252677419,833.594,0,16.892,Balochistan,,
8,2018,41.87358065,-0.239967742,886.796,0,7.957,Balochistan,,
9,2018,43.36233333,-0.2938,917.0175,0,2.433,Balochistan,,
10,2018,39.10064516,-0.298935484,901.855,0,0.814,Balochistan,,
11,2018,32.09356667,-0.2943,889.982,0,1.503,Balochistan,,
12,2018,26.31703226,-0.31883871,911.143,0,4.886,Balochistan,,
1,2019,23.68787097,-0.220967742,921.9265,0,33.565,Balochistan,,
2,2019,24.44496429,-0.164464286,940.476,1,36.095,Balochistan,,
3,2019,29.78680645,-0.171451613,949.256,0,68.561,Balochistan,,
4,2019,39.4356,-0.2083,1041.067,0,26.07,Balochistan,,
5,2019,44.47606452,-0.267774194,1037.6125,0,14.166,Balochistan,,
6,2019,46.85016667,-0.294333333,963.3675,0,5.095,Balochistan,,
7,2019,44.34003226,-0.249064516,961.0755,0,28.012,Balochistan,,
8,2019,43.31070968,-0.229,1108.5825,0,24.164,Balochistan,,
9,2019,44.24613333,-0.293133333,1111.275,0,9.795,Balochistan,,
10,2019,38.30280645,-0.298516129,1102.566,0,4.684,Balochistan,,
11,2019,28.32283333,-0.244366667,1101.901,0,9.863,Balochistan,,
12,2019,24.63932258,-0.281935484,1091.5205,0,10.822,Balochistan,,
1,2020,19.7996129,-0.149451613,1057.0545,0,34.946,Balochistan,,
2,2020,26.84037931,-0.277931034,1110.2225,0,12.157,Balochistan,,
3,2020,31.30703226,-0.182290323,1181.786,0,45.587,Balochistan,,
4,2020,39.0772,-0.226833333,1199.4555,0,12.493,Balochistan,,
5,2020,45.44545161,-0.290483871,1104.678,0,8.615,Balochistan,,
6,2020,47.72546667,-0.325266667,1024.907,0,3.764,Balochistan,,
7,2020,45.36345161,-0.266129032,1037.576,0,26.564,Balochistan,,
8,2020,43.04096774,-0.199677419,1203.3805,0,41.936,Balochistan,,
9,2020,43.64786667,-0.308933333,1296.5685,0,6.199,Balochistan,,
10,2020,38.484,-0.335322581,1186.6255,0,1.329,Balochistan,,
11,2020,30.55956667,-0.307133333,1179.093,0,1.592,Balochistan,,
12,2020,23.59377419,-0.313741935,1162.4295,0,13.007,Balochistan,,
1,2021,23.72196774,-0.331193548,1131.5305,0,5.815,Balochistan,,
2,2021,30.61189286,-0.314,1094.8095,0,6.483,Balochistan,,
3,2021,35.40932258,-0.273258065,1028.9595,0,18.257,Balochistan,,
4,2021,40.29666667,-0.268233333,1011.3775,0,7.974,Balochistan,,
5,2021,45.66948387,-0.278741935,973.6645,0,10.581,Balochistan,,
6,2021,47.014,-0.294866667,938.8295,0,9.037,Balochistan,,
7,2021,43.12983871,-0.23283871,1013.322,0,35.57,Balochistan,,
8,2021,44.06529032,-0.293258065,1057.6375,0,5.941,Balochistan,,
9,2021,43.44926667,-0.283666667,1075.5625,0,9.248,Balochistan,,
10,2021,37.29383871,-0.300258065,1077.601,0,3.39,Balochistan,,
11,2021,30.9638,-0.338166667,1020.498,0,0.039,Balochistan,,
12,2021,23.78035484,-0.284096774,1015.0685,0,6.511,Balochistan,,
3,2000,24.03048387,-0.123451613,4005.3395,0,33.516,Federal,,
4,2000,36.01921429,-0.217566667,3388.615,0,25.167,Federal,,
5,2000,39.77287097,-0.237419355,2488.469,0,34.509,Federal,,
6,2000,35.71573333,-0.148566667,2671.7165,0,95.509,Federal,,
7,2000,31.88641935,-0.051064516,4731.422,0,230.653,Federal,,
8,2000,28.86047368,-0.139421053,5539.1155,0,289.216,Federal,,
9,2000,27.97066667,-0.256733333,4562.218,0,121.962,Federal,,
10,2000,31.76419355,-0.325774194,3522.5125,0,14.416,Federal,,
11,2000,23.85713333,-0.2944,3332.543,0,10.556,Federal,,
12,2000,18.25496774,-0.258419355,3100.76,0,36.647,Federal,,
1,2001,17.46135484,-0.313,2946.286,0,14.202,Federal,,
2,2001,23.97225,-0.289857143,2618.9315,0,19.161,Federal,,
3,2001,29.82835484,-0.296322581,2608.6455,0,54.099,Federal,,
4,2001,34.35833333,-0.150733333,2537.504,0,46.56,Federal,,
5,2001,39.26587097,-0.34383871,2177.557,0,29.978,Federal,,
6,2001,33.19053333,-0.224933333,3474.579,0,95.837,Federal,,
7,2001,29.76793103,-0.12037931,5309.3955,1,380.531,Federal,,
8,2001,29.1173871,-0.200580645,5070.009,0,192.3,Federal,,
9,2001,30.0352,-0.341266667,4049.3205,0,119.179,Federal,,
10,2001,29.44167742,-0.328903226,3390.592,0,17.795,Federal,,
11,2001,23.9392,-0.314366667,3363.5025,0,11.928,Federal,,
12,2001,17.04467742,-0.219129032,3274.69,0,21.261,Federal,,
1,2002,15.5006129,-0.270806452,3073.1185,0,23.669,Federal,,
2,2002,18.66210714,-0.123785714,2966.873,0,44.493,Federal,,
3,2002,25.06282609,-0.178173913,3496.019,0,36.637,Federal,,
4,2002,32.81051724,-0.169896552,2899.698,0,33.007,Federal,,
5,2002,42.28645161,-0.285064516,2198.2295,0,17.289,Federal,,
6,2002,37.56236667,-0.289866667,2651.562,0,89.577,Federal,,
7,2002,34.77609677,-0.315709677,3211.973,0,103.342,Federal,,
8,2002,27.03245161,-0.009,5037.088,0,365.353,Federal,,
9,2002,27.80846667,-0.237633333,5265.289,0,135.908,Federal,,
10,2002,28.41893548,-0.343419355,3889.234,0,38.646,Federal,,
11,2002,22.83016667,-0.3228,3608.1115,0,14.217,Federal,,
12,2002,16.0286129,-0.180774194,3437.2675,0,29.041,Federal,,
1,2003,14.73477419,-0.194903226,3329.4355,0,54.759,Federal,,
2,2003,16.577,-0.086678571,3542.4205,0,165.336,Federal,,
3,2003,21.36883871,-0.167451613,3928.16,0,75.387,Federal,,
4,2003,30.65056667,-0.224033333,3819.89,0,63.735,Federal,,
5,2003,35.92035484,-0.242548387,2983.196,0,25.689,Federal,,
6,2003,38.15153333,-0.268466667,3039.9735,0,74.186,Federal,,
7,2003,29.17358065,-0.164935484,5388.4285,0,402.593,Federal,,
8,2003,28.9226129,-0.174741935,5621.505,0,155.988,Federal,,
9,2003,27.5486,-0.191066667,4758.9975,0,173.831,Federal,,
10,2003,28.92490323,-0.411774194,3919.898,0,13.509,Federal,,
11,2003,20.7058,-0.257866667,3800.877,0,20.875,Federal,,
12,2003,14.70275,-0.126625,3875.972,0,26.159,Federal,,
1,2004,13.83567742,-0.068225806,4259.254,0,174.814,Federal,,
2,2004,18.6852069,-0.277896552,4388.2815,0,62.273,Federal,,
3,2004,26.85474194,-0.311741935,4428.1985,0,13.275,Federal,,
4,2004,30.0768,-0.089633333,3540.907,0,87.684,Federal,,
5,2004,38.47309677,-0.329032258,3057.9595,0,20.22,Federal,,
6,2004,34.8014,-0.270966667,3651.5415,0,69.091,Federal,,
7,2004,31.51032258,-0.298935484,4540.515,0,177.459,Federal,,
8,2004,28.59735484,-0.179064516,5504.051,0,284.532,Federal,,
9,2004,30.82103333,-0.3245,4147.151,0,84.601,Federal,,
10,2004,25.78070968,-0.200516129,3934.102,0,62.202,Federal,,
11,2004,22.97606667,-0.280833333,3657.978,0,24.509,Federal,,
12,2004,13.86051613,-0.119677419,4125.594,0,29.618,Federal,,
1,2005,12.31516129,-0.142741935,4215.389,0,123.009,Federal,,
2,2005,14.84225,0.002857143,4295.265,0,126.974,Federal,,
3,2005,22.03754839,-0.09716129,4721.896,0,121.33,Federal,,
4,2005,28.81263333,-0.165533333,4233.799,0,23.137,Federal,,
5,2005,35.45322581,-0.206,3398.6145,0,58.683,Federal,,
6,2005,40.73786667,-0.327266667,3206.0205,0,49.169,Federal,,
7,2005,30.99854839,-0.099387097,5007.537,0,296.555,Federal,,
8,2005,28.49529032,-0.270548387,5580.5315,0,213.772,Federal,,
9,2005,31.31586667,-0.297966667,4696.5725,0,150.829,Federal,,
10,2005,28.32445161,-0.366225806,3844.815,0,37.361,Federal,,
11,2005,23.48046667,-0.3323,3487.4515,0,19.877,Federal,,
12,2005,16.77445161,-0.29683871,3280.4095,0,32.124,Federal,,
1,2006,13.66516129,-0.112774194,3301.4515,0,120.059,Federal,,
2,2006,22.00625,-0.135178571,3765.532,0,52.591,Federal,,
3,2006,21.56370968,-0.100612903,4155.9445,0,40.948,Federal,,
4,2006,32.6878,-0.244833333,3226.209,0,51.148,Federal,,
5,2006,39.16796774,-0.306483871,2653.712,0,35.204,Federal,,
6,2006,37.8199,-0.290866667,3002.5895,0,88.318,Federal,,
7,2006,30.8956129,-0.10116129,4897.03,0,427.543,Federal,,
8,2006,29.61012903,-0.08183871,5422.9,0,387.567,Federal,,
9,2006,30.01753333,-0.285033333,4317.612,0,86.567,Federal,,
10,2006,29.07287097,-0.332096774,4212.298,0,34.158,Federal,,
11,2006,20.95103333,-0.180733333,3984.4195,0,30.775,Federal,,
12,2006,15.25680645,-0.156806452,4190.3235,0,80.935,Federal,,
1,2007,15.27296774,-0.319322581,4027.407,0,12.778,Federal,,
2,2007,16.96528571,-0.038392857,4313.171,0,217.834,Federal,,
3,2007,21.11854839,-0.101032258,4553.71,0,149.413,Federal,,
4,2007,32.6296,-0.339766667,4157.577,0,23.606,Federal,,
5,2007,36.39325806,-0.30816129,3260.002,0,54.07,Federal,,
6,2007,38.06876667,-0.2261,3843.6365,0,130.073,Federal,,
7,2007,29.87212903,-0.222193548,5236.7925,0,333.18,Federal,,
8,2007,29.36458065,-0.178290323,5340.094,0,248.977,Federal,,
9,2007,28.384,-0.2532,4718.221,0,130.169,Federal,,
10,2007,29.52932258,-0.403322581,3857.769,0,9.912,Federal,,
11,2007,23.0103,-0.272166667,3491.9675,0,17.753,Federal,,
12,2007,15.74377419,-0.216129032,3448.5905,0,23.561,Federal,,
1,2008,11.86087097,-0.136903226,3398.3615,0,154.398,Federal,,
2,2008,16.36872414,-0.203137931,3330.4345,0,36.38,Federal,,
3,2008,25.71180645,-0.268612903,4135.409,0,22.768,Federal,,
4,2008,27.2889,-0.154766667,4185.6695,0,129.688,Federal,,
5,2008,36.88364516,-0.289516129,3153.6175,0,39.036,Federal,,
6,2008,30.346,-0.112733333,4357.054,0,204.314,Federal,,
7,2008,28.75616129,-0.135741935,5486.4595,0,271.225,Federal,,
8,2008,29.25754839,-0.138516129,5185.173,0,222.584,Federal,,
9,2008,29.8039,-0.245466667,4234.969,0,125.365,Federal,,
10,2008,28.56664516,-0.326709677,3782.055,0,35.499,Federal,,
11,2008,22.41186667,-0.312066667,3727.123,0,28.198,Federal,,
12,2008,16.83262069,-0.152448276,3897.6855,0,60.722,Federal,,
1,2009,13.96809677,-0.123516129,4296.5285,0,90.517,Federal,,
2,2009,17.98032143,-0.145892857,4356.828,0,79.184,Federal,,
3,2009,23.17729032,-0.055064516,4309.806,0,69.186,Federal,,
4,2009,26.52726667,-0.141966667,4192.1395,0,87.234,Federal,,
5,2009,36.6386129,-0.308709677,3311.8625,0,34.237,Federal,,
6,2009,40.67793333,-0.2993,2868.512,0,43.305,Federal,,
7,2009,36.77687097,-0.216806452,3472.7085,0,130.617,Federal,,
8,2009,29.42129032,-0.20783871,5471.6255,0,204.726,Federal,,
9,2009,31.2356,-0.349633333,4342.3235,0,53.138,Federal,,
10,2009,30.52106452,-0.347032258,3333.207,0,22.104,Federal,,
11,2009,22.02026667,-0.255966667,3052.9445,0,10.524,Federal,,
12,2009,16.69329032,-0.146258065,2817.211,0,17.715,Federal,,
1,2010,16.35474194,-0.203387097,2523.0715,0,29.068,Federal,,
2,2010,15.25882143,-0.056821429,2830.5465,0,160.62,Federal,,
3,2010,25.68809677,-0.26616129,4002.4495,0,58.382,Federal,,
4,2010,32.9115,-0.244866667,3622.834,0,43.138,Federal,,
5,2010,39.76651613,-0.250129032,2850.704,0,48.864,Federal,,
6,2010,40.35696667,-0.233,2725.2575,0,100.321,Federal,,
7,2010,33.78264516,-0.185419355,3896.3005,1,363.148,Federal,,
8,2010,30.06625806,-0.069419355,5583.5885,0,369.228,Federal,,
9,2010,28.66866667,-0.231166667,4888.723,0,97.355,Federal,,
10,2010,28.394,-0.33983871,4008.802,0,34.35,Federal,,
11,2010,23.95273333,-0.3512,3777.5215,0,7.195,Federal,,
12,2010,16.55893548,-0.272064516,3483.3645,0,16.782,Federal,,
1,2011,13.70945161,-0.188903226,3641.8,0,24.561,Federal,,
2,2011,13.68760714,0.076535714,4111.5485,0,138.371,Federal,,
3,2011,23.76129032,-0.227806452,4234.2685,0,51.702,Federal,,
4,2011,29.1569,-0.159066667,4194.06,0,71.259,Federal,,
5,2011,38.91812903,-0.31216129,3085.729,0,30.735,Federal,,
6,2011,36.48353333,-0.297633333,3221.908,0,65.089,Federal,,
7,2011,30.11635484,-0.081580645,4958.657,0,282.607,Federal,,
8,2011,29.62358065,-0.127548387,5716.9955,0,299.908,Federal,,
9,2011,30.52203333,-0.2244,4640.383,0,125.763,Federal,,
10,2011,28.60983871,-0.338935484,3974.094,0,41.176,Federal,,
11,2011,24.18656667,-0.2839,3743.1295,0,19.828,Federal,,
12,2011,18.16267742,-0.336516129,3473.598,0,4.286,Federal,,
1,2012,13.28870968,-0.215774194,3412.064,0,44.636,Federal,,
2,2012,14.48693103,-0.119724138,3468.2165,0,66.354,Federal,,
3,2012,22.70083871,-0.162290323,3641.318,0,43.709,Federal,,
4,2012,31.08563333,-0.2171,3555.7855,0,70.233,Federal,,
5,2012,39.41625806,-0.278096774,2708.5945,0,36.589,Federal,,
6,2012,45.2584,-0.3089,2306.5645,0,21.559,Federal,,
7,2012,35.35283871,-0.298,3671.214,0,153.501,Federal,,
8,2012,31.25893548,-0.08716129,5311.761,0,233.96,Federal,,
9,2012,29.1982,-0.157166667,4766.804,0,177.39,Federal,,
10,2012,29.03812903,-0.312096774,3689.679,0,27.924,Federal,,
11,2012,23.80306667,-0.3294,3323.454,0,10.427,Federal,,
12,2012,16.40193548,-0.19816129,3287.8365,0,47.89,Federal,,
1,2013,13.31493548,-0.216129032,3349.6235,0,22.536,Federal,,
2,2013,16.57632143,-0.018392857,4010.5355,0,143.801,Federal,,
3,2013,22.52409677,-0.189290323,4689.8815,0,65.259,Federal,,
4,2013,28.7592,-0.2017,4227.0905,0,78.072,Federal,,
5,2013,38.00390323,-0.25383871,3292.418,0,27.351,Federal,,
6,2013,38.14446667,-0.256733333,3593.9945,0,110.684,Federal,,
7,2013,29.86454839,-0.125,5182.419,1,264.103,Federal,,
8,2013,28.66770968,-0.04,5708.976,0,583.073,Federal,,
9,2013,29.1499,-0.223433333,4851.2505,0,150.332,Federal,,
10,2013,27.61351613,-0.305096774,4436.764,0,28.734,Federal,,
11,2013,22.49476667,-0.2994,3950.647,0,41.411,Federal,,
12,2013,16.58177419,-0.268806452,3912.6065,0,5.855,Federal,,
1,2014,14.70725806,-0.221419355,3782.979,0,75.498,Federal,,
2,2014,17.17592857,-0.137,3879.089,0,62.864,Federal,,
3,2014,20.17258065,-0.01116129,4412.011,0,130.78,Federal,,
4,2014,28.9954,-0.209633333,4362.872,0,106.224,Federal,,
5,2014,32.3533871,-0.239258065,3757.855,0,70.75,Federal,,
6,2014,37.48626667,-0.305066667,3253.3465,0,36.643,Federal,,
7,2014,33.88370968,-0.077774194,4152.956,0,326.318,Federal,,
8,2014,28.97287097,-0.205774194,5629.2845,0,367.572,Federal,,
9,2014,28.1092,-0.2523,5212.883,0,269.775,Federal,,
10,2014,26.38177419,-0.255774194,4474.401,0,79.012,Federal,,
11,2014,22.72203333,-0.311466667,3983.404,0,13.79,Federal,,
12,2014,16.24322581,-0.248322581,3593.6415,0,8.747,Federal,,
1,2015,15.18048387,-0.277935484,3624.831,0,52.023,Federal,,
2,2015,16.33728571,-0.06275,3933.77,0,118.365,Federal,,
3,2015,20.37290323,-0.047483871,4367.395,1,152.84,Federal,,
4,2015,26.6655,-0.172766667,4603.029,0,148.446,Federal,,
5,2015,33.69277419,-0.274483871,3895.342,0,67.153,Federal,,
6,2015,36.56763333,-0.286533333,3754.62,0,33.448,Federal,,
7,2015,31.98877419,-0.009709677,5386.082,0,339.064,Federal,,
8,2015,27.90903226,-0.162483871,5502.0975,0,291.092,Federal,,
9,2015,30.85066667,-0.337566667,4642.6635,0,104.032,Federal,,
10,2015,26.80125806,-0.330516129,4368.774,0,131.335,Federal,,
11,2015,20.54953333,-0.170566667,4182.7215,0,21.566,Federal,,
12,2015,15.10003226,-0.282225806,4072.3635,0,36.107,Federal,,
1,2016,13.30093548,-0.156903226,4168.0885,0,77.19,Federal,,
2,2016,16.65145,-0.261052632,4411.0205,0,37.995,Federal,,
3,2016,21.16535484,-0.048129032,4883.6905,0,101.687,Federal,,
4,2016,30.3053,-0.159333333,4343.231,0,66.778,Federal,,
5,2016,37.50048387,-0.308774194,3374.009,0,74.899,Federal,,
6,2016,36.32193333,-0.3303,3574.475,0,123.852,Federal,,
7,2016,30.89693548,-0.146935484,5316.932,0,337.94,Federal,,
8,2016,31.011,-0.20383871,5708.992,0,159.898,Federal,,
9,2016,30.7883,-0.317666667,4594.693,0,87.34,Federal,,
10,2016,29.15587097,-0.363354839,3657.7815,0,32.134,Federal,,
11,2016,23.4571,-0.2125,3208.088,0,16.427,Federal,,
12,2016,18.99787097,-0.323419355,3004.044,0,8.956,Federal,,
1,2017,11.85522581,-0.031419355,3264.535,0,128.713,Federal,,
2,2017,17.90960714,-0.160321429,3830.961,0,76.235,Federal,,
3,2017,23.95119355,-0.218806452,4318.7095,0,47.775,Federal,,
4,2017,31.54383333,-0.2494,4132.596,0,126.23,Federal,,
5,2017,38.04212903,-0.228290323,3162.2115,0,200.271,Federal,,
6,2017,35.3609,-0.223033333,3695.5815,0,103.337,Federal,,
7,2017,31.68941935,-0.121193548,5246.004,0,220.777,Federal,,
8,2017,28.84748387,-0.235451613,5575.9665,0,272.288,Federal,,
9,2017,30.17656667,-0.3606,4523.2015,0,81.44,Federal,,
10,2017,30.09880645,-0.377322581,3582.781,0,14.646,Federal,,
11,2017,21.39383333,-0.321066667,3274.0765,0,28.084,Federal,,
12,2017,15.52525806,-0.246741935,3453.837,0,41.89,Federal,,
1,2018,16.24503226,-0.279903226,3628.6705,0,0.094,Federal,,
2,2018,17.75364286,-0.181892857,3955.065,0,80.393,Federal,,
3,2018,24.84396774,-0.204580645,4456.8475,0,48.627,Federal,,
4,2018,29.03326667,-0.223533333,3900.2805,0,109.555,Federal,,
5,2018,34.69129032,-0.130677419,3592.4965,0,107.865,Federal,,
6,2018,37.98513333,-0.1831,3333.62,0,53.68,Federal,,
7,2018,30.23625806,-0.118387097,4661.579,0,331.559,Federal,,
8,2018,28.67787097,-0.098387097,5306.28,1,264.451,Federal,,
9,2018,29.0319,-0.277133333,4598.7205,0,86.584,Federal,,
10,2018,26.81187097,-0.354483871,4088.597,0,65.532,Federal,,
11,2018,20.54516667,-0.255533333,3932.974,0,23.703,Federal,,
12,2018,14.91480645,-0.307935484,4040.1665,0,29.4,Federal,,
1,2019,12.13519355,-0.077967742,3948.2095,0,118.954,Federal,,
2,2019,13.81117857,-0.036535714,4333.4505,0,115.202,Federal,,
3,2019,21.41516129,-0.097774194,4401.7975,0,74.623,Federal,,
4,2019,28.6166,-0.210733333,4284.7715,0,88.357,Federal,,
5,2019,37.22851613,-0.341903226,3834.895,0,49.064,Federal,,
6,2019,39.79843333,-0.313666667,3362.411,0,50.596,Federal,,
7,2019,34.12832258,-0.143419355,4697.481,0,282.298,Federal,,
8,2019,31.62654839,-0.174419355,5648.8695,0,233.54,Federal,,
9,2019,29.23533333,-0.198833333,4956.3775,0,128.463,Federal,,
10,2019,26.5833871,-0.30216129,4529.759,0,77.503,Federal,,
11,2019,20.0676,-0.0765,4454.67,0,48.62,Federal,,
12,2019,13.25980645,-0.244806452,4539.7005,0,22.272,Federal,,
1,2020,12.55609677,-0.09083871,4543.5625,0,102.41,Federal,,
2,2020,18.58710345,-0.23537931,4380.099,0,45.231,Federal,,
3,2020,19.68651613,-0.021645161,4818.08,0,147.385,Federal,,
4,2020,25.62053333,-0.2077,4699.4135,0,142.169,Federal,,
5,2020,33.1423871,-0.264290323,4380.3665,0,115.099,Federal,,
6,2020,34.7814,-0.2839,4206.637,0,87.53,Federal,,
7,2020,32.94290323,-0.253806452,4847.1245,0,143.807,Federal,,
8,2020,28.7326129,-0.117451613,5963.6825,0,334.064,Federal,,
9,2020,31.4592,-0.301933333,4906.6975,0,221.995,Federal,,
10,2020,30.13593548,-0.393064516,3826.3355,0,8.368,Federal,,
11,2020,20.35613333,-0.227933333,3843.98,0,40.075,Federal,,
12,2020,15.27993548,-0.250709677,3911.1355,0,65.448,Federal,,
1,2021,14.82629032,-0.307193548,4036.6765,0,30.295,Federal,,
2,2021,19.59435714,-0.257785714,4027.2565,0,28.273,Federal,,
3,2021,20.74077419,-0.142064516,4441.347,0,151.386,Federal,,
4,2021,29.7809,-0.232933333,3909.1545,0,85.986,Federal,,
5,2021,36.37264516,-0.331290323,3367.116,0,46.443,Federal,,
6,2021,34.9427,-0.344866667,3530.8525,0,88.175,Federal,,
7,2021,32.2166129,-0.133709677,5147.885,1,401.859,Federal,,
8,2021,29.17141935,-0.233483871,5316.1375,0,185.44,Federal,,
9,2021,29.86363333,-0.306666667,4940.6435,0,308.27,Federal,,
10,2021,25.77593548,-0.349612903,4414.546,0,81.757,Federal,,
11,2021,21.94383333,-0.399466667,3995.8135,0,6.463,Federal,,
12,2021,15.44106452,-0.350129032,3826.1045,0,31.766,Federal,,
3,2000,2.981225806,0.42583871,368.545,0,34.596,Gilgit,,
4,2000,12.70896429,0.3811,626.6595,0,15.639,Gilgit,,
5,2000,19.24951613,0.189548387,1166.658,0,35.088,Gilgit,,
6,2000,21.01376667,0.111866667,1753.9175,0,33.933,Gilgit,,
7,2000,20.867,0.075193548,2098.979,0,42.868,Gilgit,,
8,2000,21.53647368,0.019421053,1964.6145,0,39.746,Gilgit,,
9,2000,19.56956667,0.0441,1580.416,0,41.091,Gilgit,,
10,2000,14.24712903,0.094806452,1178.388,0,8.442,Gilgit,,
11,2000,3.9896,0.2228,783.341,0,6.662,Gilgit,,
12,2000,-6.052580645,0.373677419,472.5315,0,14.427,Gilgit,,
1,2001,-4.522096774,0.366548387,433.517,0,12.849,Gilgit,,
2,2001,0.941285714,0.347464286,529.379,0,15.935,Gilgit,,
3,2001,4.758709677,0.38116129,525.949,0,29.906,Gilgit,,
4,2001,12.54946667,0.335066667,653.5595,0,29.309,Gilgit,,
5,2001,20.42183871,0.160419355,1205.9405,0,27.815,Gilgit,,
6,2001,22.103,0.064333333,1767.092,0,41.559,Gilgit,,
7,2001,21.31351724,0.026896552,2185.9425,0,58.49,Gilgit,,
8,2001,22.79887097,-0.038483871,1989.3905,0,44.593,Gilgit,,
9,2001,17.548,0.047266667,1423.323,0,41.208,Gilgit,,
10,2001,12.37706452,0.090548387,1161.115,0,10.64,Gilgit,,
11,2001,0.433433333,0.380633333,513.02,0,11.456,Gilgit,,
12,2001,-5.965935484,0.377967742,404.445,0,12.76,Gilgit,,
1,2002,-8.850516129,0.444322581,296.5955,0,15.161,Gilgit,,
2,2002,-3.884571429,0.433928571,326.877,0,29.658,Gilgit,,
3,2002,0.456478261,0.455347826,433.6055,0,35.367,Gilgit,,
4,2002,9.284413793,0.418586207,562.7375,0,44.559,Gilgit,,
5,2002,16.38270968,0.290774194,894.1825,0,20.887,Gilgit,,
6,2002,19.40513333,0.151433333,1638.863,0,54.615,Gilgit,,
7,2002,21.9773871,0.009806452,2064.4435,0,35.79,Gilgit,,
8,2002,21.23664516,0.002451613,2093.025,0,49.521,Gilgit,,
9,2002,17.55696667,0.0747,1771.547,0,48.384,Gilgit,,
10,2002,12.83948387,0.008870968,1413.44,0,14.238,Gilgit,,
11,2002,5.226133333,0.151833333,1109.1825,0,6.249,Gilgit,,
12,2002,-4.852290323,0.315483871,542.317,0,16.257,Gilgit,,
1,2003,-4.539806452,0.336516129,518.4135,0,20.986,Gilgit,,
2,2003,-1.513535714,0.414,310.529,0,61.703,Gilgit,,
3,2003,1.867612903,0.459645161,349.4985,0,67.769,Gilgit,,
4,2003,9.682433333,0.4403,479.553,0,60.345,Gilgit,,
5,2003,13.17558065,0.375903226,799.527,1,72.049,Gilgit,,
6,2003,18.8432,0.186766667,1504.589,0,37.752,Gilgit,,
7,2003,22.82922581,0.005806452,2215.079,0,68.713,Gilgit,,
8,2003,21.47922581,0.023322581,2231.0375,0,30.528,Gilgit,,
9,2003,16.95013333,0.064533333,1605.633,0,48.735,Gilgit,,
10,2003,10.90167742,0.166,1178.852,0,9.936,Gilgit,,
11,2003,1.418933333,0.287633333,903.852,0,10.331,Gilgit,,
12,2003,-7.144208333,0.335666667,480.0945,0,24.185,Gilgit,,
1,2004,-9.981290323,0.434290323,346.4615,0,44.91,Gilgit,,
2,2004,-4.796793103,0.460862069,395.2295,0,21.869,Gilgit,,
3,2004,7.36983871,0.388806452,560.3745,0,11.826,Gilgit,,
4,2004,10.73826667,0.3928,699.449,0,61.082,Gilgit,,
5,2004,15.37796774,0.291516129,1102.9955,0,26.519,Gilgit,,
6,2004,18.71213333,0.1576,1692.8945,0,37.11,Gilgit,,
7,2004,21.66735484,0.046774194,2221.272,0,46.517,Gilgit,,
8,2004,20.67787097,0.037258065,2139.3545,0,45.324,Gilgit,,
9,2004,19.4892,-0.031666667,1609.6585,0,28.464,Gilgit,,
10,2004,7.775387097,0.241,1066.5175,0,29.926,Gilgit,,
11,2004,2.0044,0.2357,859.814,0,11.619,Gilgit,,
12,2004,-5.274451613,0.334451613,470.8665,0,21.522,Gilgit,,
1,2005,-11.67083871,0.459709677,226.8295,0,36.071,Gilgit,,
2,2005,-8.530285714,0.449642857,142.051,0,71.915,Gilgit,,
3,2005,0.637709677,0.46216129,354.269,0,52.626,Gilgit,,
4,2005,7.965233333,0.448433333,552.4525,0,44.107,Gilgit,,
5,2005,14.34096774,0.338354839,857.6215,0,68.14,Gilgit,,
6,2005,18.70386667,0.225466667,1410.676,0,28.369,Gilgit,,
7,2005,20.20274194,0.090516129,2266.541,1,55.951,Gilgit,,
8,2005,21.60358065,-0.040612903,2277.765,0,38.876,Gilgit,,
9,2005,19.9604,-0.0404,1897.372,0,32.802,Gilgit,,
10,2005,12.34154839,0.109709677,1216.198,0,15.538,Gilgit,,
11,2005,1.967866667,0.2261,905.7425,0,11.989,Gilgit,,
12,2005,-5.512322581,0.311967742,578.9145,0,12.956,Gilgit,,
1,2006,-12.49416129,0.40983871,223.859,0,57.833,Gilgit,,
2,2006,0.401892857,0.416285714,360.7825,0,29.701,Gilgit,,
3,2006,1.515516129,0.462096774,478.482,0,29.343,Gilgit,,
4,2006,9.974033333,0.434,499.0335,0,29.609,Gilgit,,
5,2006,18.66158065,0.240419355,1066.9955,0,19.375,Gilgit,,
6,2006,19.69733333,0.1372,1757.4685,0,33.849,Gilgit,,
7,2006,23.622,-0.000322581,2173.919,1,68.879,Gilgit,,
8,2006,18.68506452,0.050967742,2173.979,0,66.108,Gilgit,,
9,2006,17.2438,0.021933333,1844.2365,0,48.655,Gilgit,,
10,2006,11.39177419,0.066322581,1331.411,0,14.046,Gilgit,,
11,2006,0.391833333,0.267933333,941.886,0,19.498,Gilgit,,
12,2006,-10.45903226,0.415193548,381.8995,0,34.717,Gilgit,,
1,2007,-8.113225806,0.388354839,477.397,0,10.068,Gilgit,,
2,2007,-3.463178571,0.389321429,534.2825,0,42.853,Gilgit,,
3,2007,0.025903226,0.445935484,451.0365,0,88.924,Gilgit,,
4,2007,12.74716667,0.343333333,796.449,0,24.199,Gilgit,,
5,2007,18.22464516,0.211935484,1347.6435,0,47.246,Gilgit,,
6,2007,21.2783,0.099766667,1966.16,0,56.79,Gilgit,,
7,2007,21.99577419,0.008032258,2343.409,0,55.702,Gilgit,,
8,2007,21.46590323,-0.005870968,2143.232,0,46.163,Gilgit,,
9,2007,18.1323,0.0377,1757.943,0,33.301,Gilgit,,
10,2007,12.42880645,0.017580645,1479.108,0,6.274,Gilgit,,
11,2007,5.7661,-0.024,1338.9915,0,5.604,Gilgit,,
12,2007,-4.548387097,0.29216129,703.672,0,17.769,Gilgit,,
1,2008,-8.547709677,0.390354839,309.6875,0,65.096,Gilgit,,
2,2008,-7.519413793,0.446724138,278.186,0,33.174,Gilgit,,
3,2008,5.113096774,0.386483871,504.915,0,15.494,Gilgit,,
4,2008,9.894266667,0.374833333,637.493,0,57.384,Gilgit,,
5,2008,16.46416129,0.263774194,1142.8725,1,37.911,Gilgit,,
6,2008,21.74556667,0.070033333,2008.904,0,52.452,Gilgit,,
7,2008,22.35883871,0.01083871,2231.0265,0,52.966,Gilgit,,
8,2008,20.32609677,-0.001967742,2038.652,0,39.845,Gilgit,,
9,2008,16.49396667,0.079433333,1595.5265,0,46.304,Gilgit,,
10,2008,11.50696774,0.107741935,1175.553,0,15.693,Gilgit,,
11,2008,3.2153,0.209466667,810.636,0,16.904,Gilgit,,
12,2008,-6.100517241,0.384655172,461.0095,0,35.326,Gilgit,,
1,2009,-7.682483871,0.447258065,259.691,0,55.372,Gilgit,,
2,2009,-5.697428571,0.461535714,264.5835,0,47.357,Gilgit,,
3,2009,1.993516129,0.468290323,372.442,0,46.436,Gilgit,,
4,2009,9.586633333,0.4212,516.294,0,84.962,Gilgit,,
5,2009,14.21758065,0.347387097,789.9465,0,27.478,Gilgit,,
6,2009,17.62886667,0.2378,1309.053,0,36.204,Gilgit,,
7,2009,20.59777419,0.098,1980.8375,0,40.743,Gilgit,,
8,2009,23.07893548,-0.013129032,2206.2005,0,40.914,Gilgit,,
9,2009,18.88666667,-0.000766667,1829.483,0,32.047,Gilgit,,
10,2009,11.93390323,0.108903226,1269.823,0,11.561,Gilgit,,
11,2009,0.139766667,0.284933333,815.62,0,11.439,Gilgit,,
12,2009,-9.261548387,0.399774194,419.398,0,15.109,Gilgit,,
1,2010,-6.492612903,0.383419355,428.0295,0,19.363,Gilgit,,
2,2010,-4.573964286,0.439071429,323.312,0,70.73,Gilgit,,
3,2010,5.882225806,0.427677419,481.128,0,40.795,Gilgit,,
4,2010,12.14303333,0.392633333,634.2365,0,47.933,Gilgit,,
5,2010,13.66122581,0.355677419,868.2715,0,109.449,Gilgit,,
6,2010,16.04986667,0.268866667,1360.8775,0,60.059,Gilgit,,
7,2010,18.89270968,0.156290323,1951.954,1,63.405,Gilgit,,
8,2010,16.12648387,0.070258065,2483.8705,0,62.12,Gilgit,,
9,2010,16.18423333,0.0782,1933.7365,0,32.334,Gilgit,,
10,2010,12.22754839,0.040548387,1559.316,0,14.293,Gilgit,,
11,2010,5.586066667,0.0315,1345.7225,0,3.412,Gilgit,,
12,2010,-1.443193548,0.044064516,1139.824,0,15.738,Gilgit,,
1,2011,-8.549193548,0.356741935,582.8455,0,18.666,Gilgit,,
2,2011,-7.520857143,0.455892857,227.722,0,69.757,Gilgit,,
3,2011,2.628032258,0.442032258,389.239,0,52.113,Gilgit,,
4,2011,7.6756,0.423566667,607.4865,0,56.953,Gilgit,,
5,2011,17.36645161,0.233967742,1223.639,0,30.148,Gilgit,,
6,2011,21.84686667,0.0604,1920.845,0,37.494,Gilgit,,
7,2011,20.92125806,0.054677419,2316.068,0,46.522,Gilgit,,
8,2011,21.81303226,0.015258065,2218.555,0,50.31,Gilgit,,
9,2011,16.21376667,0.039266667,1804.193,0,47.817,Gilgit,,
10,2011,12.11009677,0.132032258,1268.465,0,18.707,Gilgit,,
11,2011,3.343233333,0.281266667,902.033,0,10.403,Gilgit,,
12,2011,-4.441451613,0.267290323,713.8525,0,10.636,Gilgit,,
1,2012,-9.118580645,0.369806452,486.6395,0,25.729,Gilgit,,
2,2012,-3.070482759,0.393827586,377.5965,0,46.072,Gilgit,,
3,2012,3.962483871,0.416032258,466.6625,0,49.359,Gilgit,,
4,2012,11.25966667,0.3775,691.336,0,39.049,Gilgit,,
5,2012,15.76809677,0.312677419,956.275,0,40.898,Gilgit,,
6,2012,18.7127,0.213466667,1455.741,0,24.852,Gilgit,,
7,2012,21.4193871,0.041935484,2122.4255,0,33.669,Gilgit,,
8,2012,20.21758065,0.015709677,2364.2845,0,51.698,Gilgit,,
9,2012,14.10176667,0.095,1909.9485,0,59.438,Gilgit,,
10,2012,9.006870968,0.158354839,1124.234,0,17.053,Gilgit,,
11,2012,2.446266667,0.201533333,870.811,0,8.092,Gilgit,,
12,2012,-6.455645161,0.377258065,537.419,0,29.287,Gilgit,,
1,2013,-9.851806452,0.440677419,403.3925,0,16.889,Gilgit,,
2,2013,-5.469,0.449035714,394.312,0,46.159,Gilgit,,
3,2013,3.779258065,0.433612903,562.512,0,38.65,Gilgit,,
4,2013,10.44343333,0.353266667,766.5435,0,38.803,Gilgit,,
5,2013,13.84570968,0.325032258,1089.385,0,46.354,Gilgit,,
6,2013,20.0388,0.1423,1879.795,0,59.777,Gilgit,,
7,2013,23.39825806,0.007451613,2317.9715,0,46.16,Gilgit,,
8,2013,19.31480645,0.03483871,2325.817,0,75.249,Gilgit,,
9,2013,19.05503333,-0.051133333,1983.4975,0,35.088,Gilgit,,
10,2013,14.22122581,0.012193548,1612.352,0,14.821,Gilgit,,
11,2013,0.739966667,0.2558,977.974,0,13.176,Gilgit,,
12,2013,-2.953193548,0.282483871,724.52,0,8.981,Gilgit,,
1,2014,-8.533354839,0.400580645,485.354,0,35.378,Gilgit,,
2,2014,-3.208357143,0.402535714,493.5145,0,30.012,Gilgit,,
3,2014,2.322354839,0.435741935,515.5155,0,77.743,Gilgit,,
4,2014,8.554733333,0.412266667,605.9535,0,46.781,Gilgit,,
5,2014,13.8786129,0.304354839,1003.0325,0,43.282,Gilgit,,
6,2014,19.2692,0.158733333,1525.4305,0,32.948,Gilgit,,
7,2014,21.81383871,0.033290323,2261.4525,0,49.21,Gilgit,,
8,2014,22.0986129,0.01283871,2081.6425,0,56.997,Gilgit,,
9,2014,15.2001,0.055933333,1815.116,1,92.93,Gilgit,,
10,2014,11.18009677,0.162903226,1287.824,0,19.012,Gilgit,,
11,2014,0.811466667,0.256533333,956.699,0,8.487,Gilgit,,
12,2014,-4.583064516,0.278483871,778.0265,0,6.55,Gilgit,,
1,2015,-5.294580645,0.318774194,661.469,0,22.003,Gilgit,,
2,2015,-2.235357143,0.410107143,463.375,0,45.963,Gilgit,,
3,2015,1.616322581,0.456903226,464.9545,0,76.356,Gilgit,,
4,2015,7.5013,0.409866667,669.7805,0,66.213,Gilgit,,
5,2015,13.37064516,0.30883871,1129.99,0,46.834,Gilgit,,
6,2015,17.0732,0.2263,1629.9335,0,36.924,Gilgit,,
7,2015,20.19767742,0.102709677,2374.46,0,65.485,Gilgit,,
8,2015,20.25054839,-0.01183871,2438.462,0,54.242,Gilgit,,
9,2015,17.54566667,0.061266667,1658.135,0,47.376,Gilgit,,
10,2015,9.965677419,0.160451613,1199.631,0,43.48,Gilgit,,
11,2015,-0.1077,0.366833333,731.2415,0,15.992,Gilgit,,
12,2015,-6.433387097,0.361,565.6715,0,15.183,Gilgit,,
1,2016,-8.829645161,0.406096774,543.687,0,23.774,Gilgit,,
2,2016,-3.3017,0.379,564.9085,0,20.778,Gilgit,,
3,2016,3.325677419,0.420677419,566.9005,1,65.97,Gilgit,,
4,2016,7.576966667,0.4109,685.7095,0,51.727,Gilgit,,
5,2016,16.13819355,0.29316129,1156.493,0,45.099,Gilgit,,
6,2016,20.34343333,0.0924,1913.927,1,45.018,Gilgit,,
7,2016,21.21532258,0.033548387,2392.103,0,56.547,Gilgit,,
8,2016,18.80119355,0.036903226,2301.1745,0,40.527,Gilgit,,
9,2016,17.63346667,-0.0373,1949.495,0,29.512,Gilgit,,
10,2016,13.73674194,-0.031677419,1583.3955,0,16.442,Gilgit,,
11,2016,4.979833333,0.0634,1304.407,0,11.866,Gilgit,,
12,2016,-0.581516129,0.199870968,945.591,0,9.524,Gilgit,,
1,2017,-8.843903226,0.376419355,543.5665,0,55.252,Gilgit,,
2,2017,-3.535714286,0.451214286,382.653,0,28.642,Gilgit,,
3,2017,1.309451613,0.43083871,517.534,0,35.874,Gilgit,,
4,2017,7.744933333,0.429566667,661.172,0,74.519,Gilgit,,
5,2017,14.401,0.28083871,1168.6985,0,77.395,Gilgit,,
6,2017,19.5861,0.135133333,2005.624,0,45.546,Gilgit,,
7,2017,20.84193548,0.012322581,2488.8535,0,43.991,Gilgit,,
8,2017,21.19709677,-0.039387097,2340.995,0,37.7,Gilgit,,
9,2017,18.17456667,-0.041033333,1880.9345,1,34.562,Gilgit,,
10,2017,13.77519355,-0.030709677,1544.383,0,7.336,Gilgit,,
11,2017,5.036933333,0.048366667,1238.4785,0,8.364,Gilgit,,
12,2017,-4.759451613,0.296387097,658.37,0,17.073,Gilgit,,
1,2018,-5.443451613,0.359548387,528.0215,0,7.446,Gilgit,,
2,2018,-1.52825,0.351035714,559.307,0,25.224,Gilgit,,
3,2018,4.58316129,0.411709677,583.25,0,34.257,Gilgit,,
4,2018,11.72723333,0.3544,788.9135,0,51.524,Gilgit,,
5,2018,15.30309677,0.264290323,1155.7675,0,88.455,Gilgit,,
6,2018,18.55536667,0.135,1844.758,0,34.138,Gilgit,,
7,2018,20.90480645,0.051709677,2278.857,0,54.802,Gilgit,,
8,2018,22.75296774,-0.072354839,2352.5155,0,44.066,Gilgit,,
9,2018,19.35243333,-0.014733333,1723.492,0,34.207,Gilgit,,
10,2018,9.352096774,0.185129032,1034.42,0,28.942,Gilgit,,
11,2018,-0.943166667,0.367133333,615.401,0,17.59,Gilgit,,
12,2018,-7.023709677,0.349096774,558.2225,0,11.871,Gilgit,,
1,2019,-12.1466129,0.450774194,238.595,0,42.445,Gilgit,,
2,2019,-7.34225,0.4695,224.1895,0,47.05,Gilgit,,
3,2019,-0.071451613,0.476451613,350.208,0,41.059,Gilgit,,
4,2019,11.53416667,0.3885,731.0445,0,43.054,Gilgit,,
5,2019,14.21051613,0.294,1081.2865,0,38.187,Gilgit,,
6,2019,16.3442,0.2235,1527.0715,0,73.543,Gilgit,,
7,2019,20.96654839,0.057419355,2267.5995,0,51.725,Gilgit,,
8,2019,21.09296774,-0.024645161,2476.063,0,47.789,Gilgit,,
9,2019,20.74856667,-0.1271,1902.8115,0,30.449,Gilgit,,
10,2019,11.1346129,0.154225806,1469.493,0,24.945,Gilgit,,
11,2019,-1.904333333,0.370333333,676.5005,0,33.148,Gilgit,,
12,2019,-8.283774194,0.417935484,484.87,0,12.322,Gilgit,,
1,2020,-12.4696129,0.463677419,228.306,0,43.264,Gilgit,,
2,2020,-5.821517241,0.496275862,339.4265,0,13.311,Gilgit,,
3,2020,2.326677419,0.445258065,526.57,0,52.962,Gilgit,,
4,2020,7.967966667,0.3996,680.5115,0,60.604,Gilgit,,
5,2020,14.94064516,0.278741935,1136.5945,0,74.416,Gilgit,,
6,2020,18.4193,0.137766667,1798.337,0,43.218,Gilgit,,
7,2020,20.985,0.035129032,2298.466,0,36.989,Gilgit,,
8,2020,22.55316129,-0.011516129,2337.048,0,60.616,Gilgit,,
9,2020,18.58293333,-0.043466667,1994.873,0,42.34,Gilgit,,
10,2020,14.31693548,-0.078290323,1582.6595,0,6.658,Gilgit,,
11,2020,1.8604,0.213733333,546.612,0,23.022,Gilgit,,
12,2020,-7.835741935,0.378290323,486.832,0,27.863,Gilgit,,
1,2021,-8.883129032,0.441967742,433.0625,0,16.135,Gilgit,,
2,2021,-0.415321429,0.390857143,538.692,0,19.241,Gilgit,,
3,2021,6.515774194,0.410419355,615.947,0,72.729,Gilgit,,
4,2021,5.606033333,0.418333333,656.4805,0,47.785,Gilgit,,
5,2021,14.19029032,0.295322581,1139.9905,0,29.465,Gilgit,,
6,2021,20.53606667,0.129266667,1790.2405,0,36.873,Gilgit,,
7,2021,22.43054839,0.056096774,2416.203,0,72.318,Gilgit,,
8,2021,21.07954839,-0.036612903,2374.1445,0,34.785,Gilgit,,
9,2021,20.43226667,-0.092433333,2031.4945,0,55.728,Gilgit,,
10,2021,11.25480645,0.136548387,1253.283,0,35.641,Gilgit,,
11,2021,2.487966667,0.196066667,1044.4885,0,4.545,Gilgit,,
12,2021,-6.008064516,0.267387097,771.05,0,18.6,Gilgit,,
3,2000,18.87858065,0.087225806,1976.2355,0,52.778,Kpk,,
4,2000,29.87364286,-0.013966667,2041.7275,0,26.19,Kpk,,
5,2000,33.94170968,-0.092096774,2053.4755,0,28.605,Kpk,,
6,2000,32.48946667,-0.123966667,2312.757,0,37.777,Kpk,,
7,2000,29.90416129,-0.088225806,2815.6,0,71.727,Kpk,,
8,2000,30.00547368,-0.157157895,2973.1365,0,55.29,Kpk,,
9,2000,28.79966667,-0.163433333,2649.687,0,67.432,Kpk,,
10,2000,27.46667742,-0.172516129,2233.5665,0,13.817,Kpk,,
11,2000,19.21333333,-0.085733333,1974.229,0,7.262,Kpk,,
12,2000,8.737903226,-0.006516129,1812.1435,0,24.158,Kpk,,
1,2001,10.13870968,-0.04383871,1825.0985,0,12.885,Kpk,,
2,2001,15.55953571,-0.030071429,1809.838,0,14.164,Kpk,,
3,2001,22.13422581,0.003935484,1852.5745,0,48.185,Kpk,,
4,2001,27.7279,-0.0179,1942.6465,0,60.092,Kpk,,
5,2001,33.85622581,-0.163290323,2020.2795,0,20.655,Kpk,,
6,2001,31.9546,-0.167066667,2243.623,0,59.821,Kpk,,
7,2001,27.97844828,-0.129896552,2935.648,1,101.638,Kpk,,
8,2001,28.72122581,-0.179548387,2985.3635,0,67.658,Kpk,,
9,2001,28.2307,-0.213366667,2489.3465,0,45.445,Kpk,,
10,2001,26.05551613,-0.224709677,2138.327,0,10.773,Kpk,,
11,2001,19.22166667,-0.096866667,1873.4615,0,12.359,Kpk,,
12,2001,10.99819355,-0.038741935,1811.3185,0,11.734,Kpk,,
1,2002,9.013580645,-0.011129032,1743.955,0,15.837,Kpk,,
2,2002,10.91196429,0.122678571,1822.47,0,51.147,Kpk,,
3,2002,17.97417391,0.052347826,2057.253,0,47.134,Kpk,,
4,2002,26.9027931,-0.00337931,2079.2695,0,59.316,Kpk,,
5,2002,33.94825806,-0.097548387,2052.246,0,18.045,Kpk,,
6,2002,33.20903333,-0.174433333,2274.287,0,60.569,Kpk,,
7,2002,31.37419355,-0.204967742,2579.289,0,31.681,Kpk,,
8,2002,27.71519355,-0.114193548,2966.2845,0,92.538,Kpk,,
9,2002,27.45363333,-0.197266667,2827.2785,0,54.38,Kpk,,
10,2002,24.65367742,-0.242483871,2387.231,0,14.79,Kpk,,
11,2002,17.18983333,-0.089166667,2152.2665,0,16.609,Kpk,,
12,2002,10.43232258,0.022129032,1771.233,0,29.097,Kpk,,
1,2003,7.927451613,0.028612903,1813.066,0,29.086,Kpk,,
2,2003,10.22253571,0.106821429,1800.6655,0,84.023,Kpk,,
3,2003,15.95703226,0.088,2018.0675,0,77.553,Kpk,,
4,2003,26.2182,0.0213,2217.3235,0,73.946,Kpk,,
5,2003,31.62264516,-0.048387097,2169.2435,0,36.132,Kpk,,
6,2003,32.8281,-0.140866667,2335.899,0,34.988,Kpk,,
7,2003,28.31187097,-0.125548387,2988.962,0,78.4,Kpk,,
8,2003,27.5626129,-0.167064516,3290.8845,0,81.874,Kpk,,
9,2003,27.3767,-0.140833333,2807.457,0,56.964,Kpk,,
10,2003,24.75506452,-0.206935484,2421.455,0,12.223,Kpk,,
11,2003,16.5598,-0.0562,2131.7645,0,18.68,Kpk,,
12,2003,11.58458333,-0.02025,1843.621,0,18.25,Kpk,,
1,2004,4.083645161,0.131387097,1910.607,0,73.24,Kpk,,
2,2004,12.06734483,0.023896552,2098.192,0,45.049,Kpk,,
3,2004,23.48209677,-0.051419355,2315.579,0,17.503,Kpk,,
4,2004,28.1134,0.003966667,2140.482,0,70.75,Kpk,,
5,2004,32.21509677,-0.119741935,2162.4185,0,19.401,Kpk,,
6,2004,31.85866667,-0.171566667,2436.667,0,28.312,Kpk,,
7,2004,30.37125806,-0.181935484,2875.4295,0,61.381,Kpk,,
8,2004,28.07032258,-0.17516129,3027.3485,0,82.183,Kpk,,
9,2004,29.19313333,-0.2253,2624.1765,0,47.231,Kpk,,
10,2004,20.91729032,-0.056967742,2160.049,0,51.274,Kpk,,
11,2004,16.31423333,-0.087433333,2085.951,0,14.909,Kpk,,
12,2004,9.895193548,0.040193548,1903.11,0,43.707,Kpk,,
1,2005,3.004064516,0.141548387,1884.6635,0,58.914,Kpk,,
2,2005,6.206214286,0.216607143,1803.7455,0,96.946,Kpk,,
3,2005,15.55835484,0.136774194,2330.11,0,84.966,Kpk,,
4,2005,25.6691,0.017066667,2326.7665,0,57.247,Kpk,,
5,2005,28.88345161,-0.005032258,2340.194,0,56.818,Kpk,,
6,2005,33.59673333,-0.1404,2484.893,1,31.737,Kpk,,
7,2005,28.51219355,-0.116645161,3110.7965,0,82.894,Kpk,,
8,2005,28.49054839,-0.204354839,3345.8415,0,74.655,Kpk,,
9,2005,28.7184,-0.231966667,3016.752,0,51.894,Kpk,,
10,2005,25.37406452,-0.190129032,2440.023,0,19.114,Kpk,,
11,2005,16.57993333,-0.089466667,2123.006,0,18.98,Kpk,,
12,2005,10.84825806,-0.085483871,1885.722,0,15.307,Kpk,,
1,2006,7.222645161,0.098548387,1668.591,0,68.951,Kpk,,
2,2006,14.76189286,0.069785714,2130.9295,0,36.609,Kpk,,
3,2006,17.03651613,0.097483871,2350.536,0,53.41,Kpk,,
4,2006,26.0024,-0.023566667,2211.881,0,50.044,Kpk,,
5,2006,33.29403226,-0.135806452,2147.6265,0,18.214,Kpk,,
6,2006,32.95146667,-0.167566667,2381.301,0,29.574,Kpk,,
7,2006,29.55612903,-0.138967742,2896.236,0,79.149,Kpk,,
8,2006,25.80467742,-0.086709677,3354.9345,0,106.51,Kpk,,
9,2006,28.30716667,-0.230366667,2944.102,0,41.059,Kpk,,
10,2006,24.21567742,-0.211580645,2627.693,0,22.555,Kpk,,
11,2006,12.95123333,-0.024466667,2364.0825,0,33.354,Kpk,,
12,2006,6.368,0.084,1955.7045,0,57.796,Kpk,,
1,2007,6.266612903,-0.013129032,2081.222,0,10.938,Kpk,,
2,2007,6.710928571,0.165785714,2351.008,0,143.016,Kpk,,
3,2007,16.88141935,0.102290323,2411.2535,0,121.286,Kpk,,
4,2007,27.3569,-0.064933333,2509.864,0,43.007,Kpk,,
5,2007,33.58483871,-0.123709677,2479.022,0,38.17,Kpk,,
6,2007,32.9328,-0.111133333,2880.032,0,69.58,Kpk,,
7,2007,29.29032258,-0.166451613,3467.1715,0,82.584,Kpk,,
8,2007,28.18283871,-0.195064516,3359.381,0,65.183,Kpk,,
9,2007,27.34496667,-0.1932,2923.5855,0,44.687,Kpk,,
10,2007,25.87158065,-0.253645161,2508.256,0,5.78,Kpk,,
11,2007,17.80213333,-0.210433333,2322.573,0,10.545,Kpk,,
12,2007,9.111096774,-0.018903226,2039.3145,0,18.191,Kpk,,
1,2008,5.894806452,0.077387097,1791.116,0,80.027,Kpk,,
2,2008,9.358068966,0.072793103,1752.782,0,27.154,Kpk,,
3,2008,22.44232258,-0.016,2161.5005,0,30.54,Kpk,,
4,2008,23.74333333,0.043266667,2331.6655,0,99.853,Kpk,,
5,2008,32.19845161,-0.104935484,2369.174,0,34.471,Kpk,,
6,2008,29.72916667,-0.139433333,2752.056,0,61.577,Kpk,,
7,2008,29.12535484,-0.158967742,3256.3205,1,94.111,Kpk,,
8,2008,26.69554839,-0.133548387,3487.446,0,104.437,Kpk,,
9,2008,27.56676667,-0.208933333,2917.8065,0,61.216,Kpk,,
10,2008,25.75367742,-0.22783871,2463.397,0,20.97,Kpk,,
11,2008,19.0048,-0.106266667,2029.538,0,18.617,Kpk,,
12,2008,11.42844828,-0.000448276,1970.716,0,44.182,Kpk,,
1,2009,7.256677419,0.089741935,2045.725,0,76.57,Kpk,,
2,2009,12.48560714,0.09725,2066.944,0,80.127,Kpk,,
3,2009,17.38293548,0.108967742,2273.949,0,73.885,Kpk,,
4,2009,24.63476667,0.0442,2390.4425,0,132.068,Kpk,,
5,2009,31.82170968,-0.064903226,2268.1115,0,34.941,Kpk,,
6,2009,35.18536667,-0.104066667,2374.682,0,34.959,Kpk,,
7,2009,30.61735484,-0.146258065,2779.602,1,55.068,Kpk,,
8,2009,29.39848387,-0.176354839,3274.611,0,77.548,Kpk,,
9,2009,29.531,-0.251366667,2987.333,0,50.01,Kpk,,
10,2009,25.734,-0.211580645,2404.206,0,11.312,Kpk,,
11,2009,16.8589,-0.063366667,2036.5315,0,15.594,Kpk,,
12,2009,10.15106452,0.036354839,1816.1455,0,18.894,Kpk,,
1,2010,10.03051613,0.009741935,1852.6095,0,36.946,Kpk,,
2,2010,10.15928571,0.146928571,1773.091,0,110.874,Kpk,,
3,2010,21.94490323,0.011677419,2214.1005,0,44.535,Kpk,,
4,2010,29.78816667,-0.014566667,2251.2615,0,54.053,Kpk,,
5,2010,33.02212903,-0.070741935,2229.0275,0,56.205,Kpk,,
6,2010,33.58036667,-0.103866667,2458.5625,0,58.908,Kpk,,
7,2010,28.71612903,-0.087258065,2908.5085,1,167.378,Kpk,,
8,2010,22.8423871,-0.019,3739.9035,1,166.161,Kpk,,
9,2010,25.7279,-0.161466667,3280.4435,0,38.334,Kpk,,
10,2010,24.27832258,-0.229806452,2803.782,0,9.503,Kpk,,
11,2010,19.08033333,-0.257233333,2595.005,0,4.301,Kpk,,
12,2010,10.84364516,-0.206096774,2309.696,0,9.713,Kpk,,
1,2011,6.620225806,-0.028032258,2069.0215,0,18.449,Kpk,,
2,2011,8.836357143,0.198178571,2018.951,0,114.703,Kpk,,
3,2011,19.79416129,0.023612903,2176.0415,0,50.204,Kpk,,
4,2011,24.4972,0.020866667,2498.6485,0,69.982,Kpk,,
5,2011,33.58119355,-0.133677419,2507.589,0,26.663,Kpk,,
6,2011,32.2864,-0.191933333,2708.3095,0,31.461,Kpk,,
7,2011,27.97525806,-0.134451613,3208.86,0,71.252,Kpk,,
8,2011,26.86145161,-0.116193548,3544.408,1,111.596,Kpk,,
9,2011,25.36136667,-0.159466667,3286.947,0,57.054,Kpk,,
10,2011,24.93367742,-0.177387097,2750.764,0,31.574,Kpk,,
11,2011,18.03746667,-0.073733333,2532.1845,0,16.903,Kpk,,
12,2011,10.58167742,-0.103548387,2227.921,0,5.953,Kpk,,
1,2012,4.099193548,0.048322581,1961.657,0,34.276,Kpk,,
2,2012,8.876931034,0.125896552,1844.2825,0,52.255,Kpk,,
3,2012,19.81429032,0.073451613,2046.9735,0,45.749,Kpk,,
4,2012,25.0869,0.0152,2403.34,0,86.968,Kpk,,
5,2012,31.30035484,-0.079451613,2417.5715,0,38.538,Kpk,,
6,2012,34.75916667,-0.143933333,2476.8505,0,19.312,Kpk,,
7,2012,32.09683871,-0.195258065,2937.6375,0,54.693,Kpk,,
8,2012,28.31403226,-0.14116129,3315.848,0,83.425,Kpk,,
9,2012,24.85046667,-0.106533333,3318.84,1,80.541,Kpk,,
10,2012,23.82854839,-0.168,2603.1825,0,22.991,Kpk,,
11,2012,16.22196667,-0.1141,2254.394,0,11.043,Kpk,,
12,2012,9.580967742,0.022677419,2048.001,0,36.832,Kpk,,
1,2013,6.008064516,0.007806452,1999.1815,0,17.476,Kpk,,
2,2013,8.384678571,0.1825,2062.255,0,109.346,Kpk,,
3,2013,16.43070968,0.085870968,2537.4805,0,101.319,Kpk,,
4,2013,24.03966667,-0.0096,2627.583,0,68.137,Kpk,,
5,2013,32.60451613,-0.085,2552.278,0,24.523,Kpk,,
6,2013,32.28766667,-0.152,2891.7185,0,51.643,Kpk,,
7,2013,29.14448387,-0.133903226,3261.399,1,66.596,Kpk,,
8,2013,27.619,-0.106290323,3798.4545,0,123.441,Kpk,,
9,2013,28.22666667,-0.2346,3226.986,0,47.741,Kpk,,
10,2013,25.43687097,-0.218064516,2906.685,0,17.583,Kpk,,
11,2013,13.50826667,-0.061233333,2461.0125,0,29.89,Kpk,,
12,2013,11.81545161,-0.083354839,2294.828,0,13.595,Kpk,,
1,2014,8.331870968,-0.011774194,2202.171,0,21.834,Kpk,,
2,2014,10.62878571,0.094678571,2119.7425,0,50.209,Kpk,,
3,2014,17.05716129,0.107645161,2424.7655,0,108.006,Kpk,,
4,2014,23.2655,0.0158,2574.1925,0,64.754,Kpk,,
5,2014,30.74725806,-0.062322581,2702.286,0,50.709,Kpk,,
6,2014,33.9091,-0.1814,2658.4745,0,24.512,Kpk,,
7,2014,29.69454839,-0.154548387,3139.7205,0,52.053,Kpk,,
8,2014,29.63012903,-0.187129032,3394.3605,0,80.48,Kpk,,
9,2014,28.1638,-0.249333333,3105.409,0,47.698,Kpk,,
10,2014,23.57029032,-0.128290323,2743.867,0,29.86,Kpk,,
11,2014,16.8599,-0.098566667,2437.491,0,12.374,Kpk,,
12,2014,10.66590323,-0.106129032,2205.9185,0,6.684,Kpk,,
1,2015,9.966516129,-0.040806452,2067.982,0,33.827,Kpk,,
2,2015,7.249928571,0.106821429,2154.7065,0,84.429,Kpk,,
3,2015,16.42864516,0.149516129,2433.894,0,104.692,Kpk,,
4,2015,24.53016667,-0.0166,2655.4285,0,76.5,Kpk,,
5,2015,31.29664516,-0.087709677,2712.2545,0,45.68,Kpk,,
6,2015,31.89206667,-0.143966667,2815.0695,0,26.122,Kpk,,
7,2015,28.73567742,-0.068935484,3513.258,1,110.775,Kpk,,
8,2015,27.08870968,-0.156548387,3833.2515,0,132.289,Kpk,,
9,2015,28.5905,-0.2418,3190.481,0,43.657,Kpk,,
10,2015,23.94064516,-0.177129032,2838.255,0,52.267,Kpk,,
11,2015,17.51586667,-0.018066667,2562.668,0,29.992,Kpk,,
12,2015,8.811,-0.042451613,2380.5185,0,11.943,Kpk,,
1,2016,6.844322581,0.003709677,2422.478,0,40.738,Kpk,,
2,2016,11.9785,-0.031368421,2465.627,0,18.857,Kpk,,
3,2016,13.88512903,0.13983871,2544.8445,1,114.856,Kpk,,
4,2016,25.53173333,0.002366667,2683.9945,1,87.079,Kpk,,
5,2016,31.97945161,-0.119645161,2644.5895,0,51.022,Kpk,,
6,2016,32.57846667,-0.205366667,2834.339,0,60.072,Kpk,,
7,2016,29.46141935,-0.174032258,3419.0035,0,111.345,Kpk,,
8,2016,28.54970968,-0.190129032,3544.0665,0,79.919,Kpk,,
9,2016,28.7298,-0.2571,3063.8925,0,37.274,Kpk,,
10,2016,25.95909677,-0.276612903,2570.6685,0,14.995,Kpk,,
11,2016,19.58103333,-0.175233333,2330.951,0,14.527,Kpk,,
12,2016,14.43483871,-0.136451613,2114.292,0,14.161,Kpk,,
1,2017,6.335677419,0.128387097,2030.3125,0,86.555,Kpk,,
2,2017,13.19978571,0.077357143,2176.62,0,88.965,Kpk,,
3,2017,18.01712903,0.029354839,2427.9545,0,44.624,Kpk,,
4,2017,28.7101,-0.0658,2477.894,0,51.645,Kpk,,
5,2017,32.17403226,-0.120032258,2499.6755,0,58.778,Kpk,,
6,2017,32.30986667,-0.176033333,2834.178,0,41.633,Kpk,,
7,2017,29.13674194,-0.152064516,3343.382,0,113.531,Kpk,,
8,2017,28.27951613,-0.199483871,3468.6865,0,96.01,Kpk,,
9,2017,28.89276667,-0.267133333,2977.016,0,46.258,Kpk,,
10,2017,26.67267742,-0.267096774,2502.499,0,7.779,Kpk,,
11,2017,15.72676667,-0.1529,2242.7655,0,21.396,Kpk,,
12,2017,10.95158065,-0.074064516,2136.906,0,32.747,Kpk,,
1,2018,9.210354839,-0.080225806,2128.944,0,7.271,Kpk,,
2,2018,11.91289286,0.037857143,2184.858,0,66.395,Kpk,,
3,2018,18.72012903,0.021516129,2499.5195,0,70.321,Kpk,,
4,2018,25.7054,-0.032433333,2463.739,0,86.637,Kpk,,
5,2018,31.3666129,-0.087935484,2518.068,0,74.939,Kpk,,
6,2018,32.4227,-0.166133333,2745.1395,0,41.885,Kpk,,
7,2018,29.01219355,-0.120322581,3139.8295,0,115.963,Kpk,,
8,2018,28.19770968,-0.186032258,3392.5405,0,72.038,Kpk,,
9,2018,28.35636667,-0.2466,2967.141,0,52.127,Kpk,,
10,2018,22.88316129,-0.133709677,2515.496,0,39.627,Kpk,,
11,2018,15.89293333,-0.061766667,2301.33,0,26.429,Kpk,,
12,2018,8.793290323,-0.09483871,2210.873,0,19.831,Kpk,,
1,2019,4.761741935,0.115967742,1901.058,0,64.815,Kpk,,
2,2019,9.3865,0.142678571,2031.08,1,85.621,Kpk,,
3,2019,13.43116129,0.107645161,2219.9565,0,88.758,Kpk,,
4,2019,24.92903333,0.0146,2682.656,0,86.904,Kpk,,
5,2019,29.70345161,-0.102580645,2769.329,0,35.233,Kpk,,
6,2019,34.59233333,-0.163533333,2785.39,0,44.533,Kpk,,
7,2019,29.22748387,-0.142225806,3149.811,0,70.252,Kpk,,
8,2019,27.76677419,-0.15816129,3728.831,0,118.822,Kpk,,
9,2019,27.64206667,-0.2334,3327.837,0,24.458,Kpk,,
10,2019,23.69883871,-0.154064516,2952.869,0,40.665,Kpk,,
11,2019,15.23296667,0.015933333,2552.883,0,54.214,Kpk,,
12,2019,8.036193548,-0.060064516,2385.2595,0,11.516,Kpk,,
1,2020,1.337516129,0.148483871,2131.913,0,63.201,Kpk,,
2,2020,11.36837931,0.034965517,2366.264,0,42.684,Kpk,,
3,2020,12.39254839,0.160903226,2642.598,0,115.184,Kpk,,
4,2020,22.25253333,0.0254,2901.714,0,136.849,Kpk,,
5,2020,29.589,-0.094967742,2890.6785,0,62.179,Kpk,,
6,2020,31.39976667,-0.1682,3123.1935,0,36.751,Kpk,,
7,2020,31.55674194,-0.205483871,3411.8305,0,69.965,Kpk,,
8,2020,28.50354839,-0.155387097,3737.307,1,69.27,Kpk,,
9,2020,29.42443333,-0.2548,3462.279,0,90.53,Kpk,,
10,2020,26.05609677,-0.261741935,2785.866,0,7.988,Kpk,,
11,2020,14.15686667,-0.064633333,2256.106,0,40.621,Kpk,,
12,2020,9.672354839,-0.029,2256.6465,0,24.869,Kpk,,
1,2021,8.204225806,-0.054516129,2271.304,0,9.39,Kpk,,
2,2021,16.25564286,-0.070214286,2290.739,0,22.4,Kpk,,
3,2021,20.38603226,0.043709677,2454.478,0,109.629,Kpk,,
4,2021,23.37386667,-0.015333333,2516.224,0,66.14,Kpk,,
5,2021,29.85335484,-0.118387097,2585.427,0,39.046,Kpk,,
6,2021,32.74766667,-0.198633333,2702.0505,0,36.381,Kpk,,
7,2021,30.04806452,-0.146774194,3472.4285,0,113.763,Kpk,,
8,2021,28.5016129,-0.231870968,3615.42,0,67.992,Kpk,,
9,2021,27.5721,-0.253233333,3296.644,0,57.125,Kpk,,
10,2021,25.0236129,-0.207129032,2701.696,0,29.567,Kpk,,
11,2021,16.9679,-0.202366667,2421.033,0,5.522,Kpk,,
12,2021,9.473225806,-0.109451613,2167.706,0,17.868,Kpk,,
3,2000,30.61925806,-0.17816129,3660.7005,0,7.568,Punjab,,
4,2000,40.71114286,-0.213733333,2285.162,0,7.089,Punjab,,
5,2000,41.44483871,-0.209612903,1555.7545,0,9.134,Punjab,,
6,2000,38.5142,-0.157966667,1636.0845,0,23.286,Punjab,,
7,2000,35.31209677,-0.057870968,2563.435,0,96.94,Punjab,,
8,2000,34.85578947,-0.170315789,3289.351,0,50.484,Punjab,,
9,2000,35.90296667,-0.218133333,3169.525,0,32.169,Punjab,,
10,2000,36.90493548,-0.273225806,2574.2465,0,1.101,Punjab,,
11,2000,29.8555,-0.2551,2340.852,0,0.804,Punjab,,
12,2000,24.43790323,-0.252193548,2359.8725,0,6.432,Punjab,,
1,2001,22.06367742,-0.201806452,3011.283,0,6.929,Punjab,,
2,2001,26.14703571,-0.2715,3564.1205,0,7.428,Punjab,,
3,2001,32.03919355,-0.271967742,3538.504,0,12.709,Punjab,,
4,2001,37.84303333,-0.2093,2221.834,0,17.172,Punjab,,
5,2001,41.23090323,-0.262193548,1530.8325,0,12.225,Punjab,,
6,2001,36.509,-0.184466667,1981.2665,0,54.575,Punjab,,
7,2001,33.67489655,-0.091586207,2812.399,0,126.652,Punjab,,
8,2001,34.10132258,-0.204774194,3465.973,0,52.616,Punjab,,
9,2001,35.1125,-0.281333333,3361.47,0,30.448,Punjab,,
10,2001,34.65177419,-0.289935484,2758.969,0,0.93,Punjab,,
11,2001,29.66686667,-0.313966667,2480.7115,0,0.599,Punjab,,
12,2001,23.623,-0.238193548,2493.2785,0,5.671,Punjab,,
1,2002,21.52919355,-0.243032258,3145.044,0,6.507,Punjab,,
2,2002,24.752,-0.215571429,3679.854,0,12.126,Punjab,,
3,2002,30.74108696,-0.232913043,3634.863,0,13.059,Punjab,,
4,2002,38.86982759,-0.197862069,2151.8935,0,10.875,Punjab,,
5,2002,44.89522581,-0.273645161,1571.321,0,11.076,Punjab,,
6,2002,39.1288,-0.2208,1748.7335,0,23.71,Punjab,,
7,2002,35.58625806,-0.198193548,2151.5725,0,27.88,Punjab,,
8,2002,34.9333871,-0.168516129,3082.06,0,64.112,Punjab,,
9,2002,34.60313333,-0.247333333,3290.892,0,43.643,Punjab,,
10,2002,34.18625806,-0.294483871,2833.323,0,3.552,Punjab,,
11,2002,28.4256,-0.2334,2595.9735,0,3.044,Punjab,,
12,2002,22.57364516,-0.224741935,2563.6455,0,7.247,Punjab,,
1,2003,21.14922581,-0.125032258,3039.3915,0,12.637,Punjab,,
2,2003,22.18221429,-0.16675,3972.819,0,41.632,Punjab,,
3,2003,27.86893548,-0.184935484,3730.789,0,20.452,Punjab,,
4,2003,37.7919,-0.257566667,2224.466,0,13.322,Punjab,,
5,2003,42.01296774,-0.256129032,1690.327,0,8.082,Punjab,,
6,2003,40.56453333,-0.218433333,1774.939,0,25.814,Punjab,,
7,2003,34.86925806,-0.107064516,2967.707,0,97.499,Punjab,,
8,2003,33.19770968,-0.183709677,3737.335,0,85.985,Punjab,,
9,2003,34.26096667,-0.252233333,3511.327,0,35.831,Punjab,,
10,2003,34.32396774,-0.326645161,2956.634,0,0.872,Punjab,,
11,2003,28.45786667,-0.287133333,2541.31,0,3.377,Punjab,,
12,2003,22.07575,-0.221083333,2687.784,0,3.415,Punjab,,
1,2004,19.2693871,-0.119645161,3570.574,0,28.371,Punjab,,
2,2004,24.42462069,-0.281206897,4264.2425,0,10.522,Punjab,,
3,2004,33.14122581,-0.311096774,3706.0725,0,4.927,Punjab,,
4,2004,38.59243333,-0.204433333,2206.2265,0,17.775,Punjab,,
5,2004,42.78867742,-0.273903226,1677.9315,0,7.245,Punjab,,
6,2004,37.36256667,-0.206933333,1928.069,0,31.46,Punjab,,
7,2004,34.77490323,-0.191806452,2681.718,0,50.474,Punjab,,
8,2004,33.1796129,-0.155774194,3520.4505,0,82.172,Punjab,,
9,2004,35.1776,-0.275033333,3377.8865,0,25.439,Punjab,,
10,2004,32.52890323,-0.237870968,2747.252,0,7.422,Punjab,,
11,2004,29.30843333,-0.2613,2339.651,0,3.55,Punjab,,
12,2004,21.99187097,-0.21283871,2721.2325,0,6.562,Punjab,,
1,2005,17.54148387,-0.204096774,3540.0225,0,25.032,Punjab,,
2,2005,19.28171429,-0.057071429,4485.4405,0,41.384,Punjab,,
3,2005,28.51429032,-0.154258065,4590.2755,0,44.438,Punjab,,
4,2005,36.47113333,-0.249466667,2544.9055,0,10.37,Punjab,,
5,2005,40.7766129,-0.201258065,1936.613,0,16.022,Punjab,,
6,2005,43.0801,-0.2362,1889.185,0,20.128,Punjab,,
7,2005,34.89696774,-0.11816129,2829.8955,1,99.347,Punjab,,
8,2005,34.96851613,-0.218612903,3336.7515,0,52.054,Punjab,,
9,2005,34.98623333,-0.254033333,3693.226,0,54.47,Punjab,,
10,2005,34.36880645,-0.325516129,3078.53,0,2.576,Punjab,,
11,2005,28.89096667,-0.294733333,2557.3665,0,1.114,Punjab,,
12,2005,21.90009677,-0.266225806,2429.866,0,8.458,Punjab,,
1,2006,19.27319355,-0.152741935,2966.582,0,18.345,Punjab,,
2,2006,25.99892857,-0.1505,4000.85,0,13.55,Punjab,,
3,2006,29.42693548,-0.203290323,3803.9115,0,18.394,Punjab,,
4,2006,38.31996667,-0.2629,2238.4925,0,20.252,Punjab,,
5,2006,40.79416129,-0.253548387,1668.5785,0,15.271,Punjab,,
6,2006,38.5665,-0.226366667,1921.771,0,33.875,Punjab,,
7,2006,34.72309677,-0.124806452,2749.4345,0,86.655,Punjab,,
8,2006,34.86493548,-0.119096774,3723.56,1,96.508,Punjab,,
9,2006,35.01483333,-0.258433333,3522.223,0,35.504,Punjab,,
10,2006,34.36274194,-0.290354839,3147.514,0,8.825,Punjab,,
11,2006,28.3541,-0.2121,2866.5675,0,5.432,Punjab,,
12,2006,19.96535484,-0.214193548,3048.4,0,14.975,Punjab,,
1,2007,19.75706452,-0.258580645,3528.5625,0,5.536,Punjab,,
2,2007,22.877,-0.105535714,4510.947,0,56.301,Punjab,,
3,2007,26.98145161,-0.187096774,4476.8825,0,46.464,Punjab,,
4,2007,39.85693333,-0.306833333,2750.347,0,7.69,Punjab,,
5,2007,41.88719355,-0.273806452,1935.6825,0,12.984,Punjab,,
6,2007,40.2768,-0.182366667,2430.99,0,70.587,Punjab,,
7,2007,34.16287097,-0.165032258,3140.569,0,97.75,Punjab,,
8,2007,34.63358065,-0.184774194,3747.9875,0,60.952,Punjab,,
9,2007,34.05263333,-0.243033333,3596.999,0,46.421,Punjab,,
10,2007,34.59454839,-0.336258065,3086.085,0,0.325,Punjab,,
11,2007,29.3425,-0.272866667,2709.377,0,1.949,Punjab,,
12,2007,21.29632258,-0.242612903,2800.108,0,5.801,Punjab,,
1,2008,16.97251613,-0.168096774,3300.5475,0,30.533,Punjab,,
2,2008,23.20634483,-0.237103448,3682.778,0,8.905,Punjab,,
3,2008,32.09203226,-0.274419355,3785.985,0,7.866,Punjab,,
4,2008,35.83753333,-0.209466667,2511.7915,0,37.379,Punjab,,
5,2008,39.57364516,-0.250612903,1963.4075,0,19.86,Punjab,,
6,2008,35.21913333,-0.152866667,2092.5615,0,57.342,Punjab,,
7,2008,33.83580645,-0.15516129,2898.6815,0,86.341,Punjab,,
8,2008,32.45054839,-0.133677419,3919.988,0,100.36,Punjab,,
9,2008,34.15453333,-0.275033333,3663.7695,0,41.891,Punjab,,
10,2008,34.33470968,-0.303322581,2886.09,0,3.615,Punjab,,
11,2008,29.55743333,-0.3041,2464.343,0,1.146,Punjab,,
12,2008,21.61217241,-0.149344828,2860.959,0,13.065,Punjab,,
1,2009,19.17964516,-0.204516129,3898.7515,0,26.195,Punjab,,
2,2009,23.07635714,-0.221535714,4472.6285,0,18.555,Punjab,,
3,2009,29.14841935,-0.180064516,3827.2195,0,28.488,Punjab,,
4,2009,37.03276667,-0.239633333,2418.165,0,21.003,Punjab,,
5,2009,43.39764516,-0.265354839,1878.582,0,12.572,Punjab,,
6,2009,42.2599,-0.241033333,2004.947,0,21.052,Punjab,,
7,2009,36.6266129,-0.17983871,2685.252,0,69.736,Punjab,,
8,2009,34.78283871,-0.187290323,3672.494,0,71.501,Punjab,,
9,2009,36.26873333,-0.299833333,3542.002,0,30.062,Punjab,,
10,2009,34.12958065,-0.313548387,2857.988,0,1.707,Punjab,,
11,2009,27.82833333,-0.211733333,2400.583,0,1.388,Punjab,,
12,2009,22.78677419,-0.202580645,2490.2405,0,5.322,Punjab,,
1,2010,20.99974194,-0.12583871,3484.0275,0,10.069,Punjab,,
2,2010,24.06510714,-0.186821429,4032.7145,0,24.869,Punjab,,
3,2010,31.80848387,-0.271096774,3718.8885,0,15.938,Punjab,,
4,2010,40.015,-0.256533333,2174.541,0,11.243,Punjab,,
5,2010,44.38119355,-0.238225806,1705.225,0,13.782,Punjab,,
6,2010,39.6507,-0.175166667,2044.5415,0,25.057,Punjab,,
7,2010,35.64225806,-0.108709677,2903.347,1,133.223,Punjab,,
8,2010,31.14270968,-0.065129032,4043.1405,1,162.582,Punjab,,
9,2010,33.24673333,-0.232633333,3826.913,0,47.286,Punjab,,
10,2010,33.96980645,-0.295096774,3144.438,0,2.865,Punjab,,
11,2010,29.09196667,-0.312033333,2846.0275,0,0.174,Punjab,,
12,2010,21.22841935,-0.257806452,2722.587,0,2.632,Punjab,,
1,2011,18.89719355,-0.150967742,3463.903,0,7.923,Punjab,,
2,2011,22.74146429,-0.090035714,4439.148,0,36.301,Punjab,,
3,2011,29.98577419,-0.231225806,4216.3245,0,11.279,Punjab,,
4,2011,36.45,-0.223,2696.0935,0,22.778,Punjab,,
5,2011,43.04148387,-0.290548387,1978.4945,0,12.569,Punjab,,
6,2011,38.50713333,-0.211866667,2235.3925,0,35.467,Punjab,,
7,2011,34.48635484,-0.121258065,3142.2805,0,97.91,Punjab,,
8,2011,33.44667742,-0.093935484,4308.413,1,115.322,Punjab,,
9,2011,33.26156667,-0.193933333,4139.5835,0,79.189,Punjab,,
10,2011,34.53783871,-0.325516129,3500.854,0,3.537,Punjab,,
11,2011,29.94643333,-0.269133333,3085.306,0,1.416,Punjab,,
12,2011,21.94283871,-0.293064516,2882.291,0,0.735,Punjab,,
1,2012,18.35967742,-0.232709677,3323.1865,0,11.495,Punjab,,
2,2012,21.572,-0.206275862,3771.661,0,12.921,Punjab,,
3,2012,29.45148387,-0.212967742,3522.7485,0,9.513,Punjab,,
4,2012,36.0345,-0.2275,2585.792,0,36.374,Punjab,,
5,2012,41.32696774,-0.266064516,1949.89,0,10.967,Punjab,,
6,2012,41.6015,-0.242066667,1974.3045,0,10.778,Punjab,,
7,2012,37.54251613,-0.189645161,2788.2765,0,73.812,Punjab,,
8,2012,34.96909677,-0.122225806,4046.2955,0,95.425,Punjab,,
9,2012,33.1521,-0.177766667,4140.5035,1,107.949,Punjab,,
10,2012,33.339,-0.32316129,3382.347,0,7.656,Punjab,,
11,2012,28.71143333,-0.289033333,2932.634,0,0.872,Punjab,,
12,2012,22.24670968,-0.201258065,2949.217,0,11.074,Punjab,,
1,2013,19.09448387,-0.191935484,3473.292,0,9.745,Punjab,,
2,2013,21.097,-0.102285714,4529.4635,0,50.724,Punjab,,
3,2013,29.00374194,-0.229322581,4507.5405,0,22.742,Punjab,,
4,2013,35.2759,-0.215566667,2718.9265,0,21.547,Punjab,,
5,2013,44.19051613,-0.290193548,2111.4195,0,4.956,Punjab,,
6,2013,40.5861,-0.237033333,2419.805,0,42.356,Punjab,,
7,2013,36.50770968,-0.134612903,3190.844,1,86.198,Punjab,,
8,2013,34.42025806,-0.113967742,4041.924,0,120.709,Punjab,,
9,2013,35.2906,-0.300633333,3747.357,0,29.003,Punjab,,
10,2013,34.49803226,-0.299935484,3364.191,0,9.614,Punjab,,
11,2013,28.85786667,-0.275833333,2860.944,0,5.39,Punjab,,
12,2013,22.42496774,-0.260354839,3054.827,0,0.55,Punjab,,
1,2014,20.36858065,-0.211193548,3690.759,0,17.696,Punjab,,
2,2014,22.93178571,-0.192214286,4538.9475,0,16.097,Punjab,,
3,2014,27.78496774,-0.177193548,4231.047,0,40.95,Punjab,,
4,2014,36.02693333,-0.2469,2837.8295,0,35.639,Punjab,,
5,2014,40.10322581,-0.263516129,2225.896,0,21.835,Punjab,,
6,2014,40.80936667,-0.262866667,2166.9245,0,12.591,Punjab,,
7,2014,36.00425806,-0.139258065,3002.4585,0,79.682,Punjab,,
8,2014,34.78680645,-0.225290323,3859.683,0,64.77,Punjab,,
9,2014,34.49723333,-0.239366667,3799.764,1,75.121,Punjab,,
10,2014,33.76632258,-0.289225806,3370.354,0,6.626,Punjab,,
11,2014,28.95133333,-0.306133333,2858.1205,0,1.922,Punjab,,
12,2014,21.967,-0.19916129,2806.656,0,1.962,Punjab,,
1,2015,19.79390323,-0.184419355,3550.669,0,12.389,Punjab,,
2,2015,23.01192857,-0.140964286,4523.6115,0,33.447,Punjab,,
3,2015,26.00945161,-0.125645161,4365.694,0,56.35,Punjab,,
4,2015,35.19756667,-0.2646,2757.488,0,28.283,Punjab,,
5,2015,42.08958065,-0.27516129,2195.0245,0,15.548,Punjab,,
6,2015,38.8489,-0.219366667,2474.083,0,23.209,Punjab,,
7,2015,34.74029032,-0.069032258,3576.0685,0,116.07,Punjab,,
8,2015,32.29332258,-0.167451613,4140.3775,0,125.977,Punjab,,
9,2015,35.10253333,-0.2898,3879.1835,0,40.522,Punjab,,
10,2015,34.00732258,-0.316516129,3385.243,0,9.575,Punjab,,
11,2015,28.78543333,-0.285166667,2975.0785,0,2.167,Punjab,,
12,2015,21.64767742,-0.265967742,3137.973,0,4.798,Punjab,,
1,2016,20.21258065,-0.127741935,4188.373,0,14.822,Punjab,,
2,2016,23.5913,-0.328894737,4544.699,0,6.014,Punjab,,
3,2016,27.92790323,-0.146032258,4384.7515,1,52.227,Punjab,,
4,2016,37.51056667,-0.238533333,2798.7535,0,29.134,Punjab,,
5,2016,41.9296129,-0.275290323,2103.985,0,23.997,Punjab,,
6,2016,39.29156667,-0.248533333,2384.418,0,43.106,Punjab,,
7,2016,35.1243871,-0.147903226,3402.0935,0,115.661,Punjab,,
8,2016,33.93080645,-0.159580645,4112.1475,0,118.18,Punjab,,
9,2016,35.2144,-0.3168,3753.968,0,24.804,Punjab,,
10,2016,34.63325806,-0.332870968,2958.3745,0,3.127,Punjab,,
11,2016,29.50263333,-0.2675,2619.154,0,1.952,Punjab,,
12,2016,24.06009677,-0.282258065,2964.202,0,2.366,Punjab,,
1,2017,18.33964516,-0.109516129,4188.6795,0,35.256,Punjab,,
2,2017,24.57717857,-0.238428571,4651.4665,0,16.681,Punjab,,
3,2017,29.66980645,-0.224419355,4049.964,0,15.883,Punjab,,
4,2017,38.48406667,-0.3043,2472.069,0,21.184,Punjab,,
5,2017,41.69106452,-0.268064516,2044.671,0,36.124,Punjab,,
6,2017,37.26403333,-0.203966667,2621.853,0,60.766,Punjab,,
7,2017,35.49709677,-0.149225806,3550.42,0,99.153,Punjab,,
8,2017,33.57219355,-0.201516129,4105.0865,0,78.793,Punjab,,
9,2017,34.8836,-0.3115,3904.802,0,40.242,Punjab,,
10,2017,34.65941935,-0.330354839,3161.678,0,1.051,Punjab,,
11,2017,27.63296667,-0.243333333,2441.102,0,4.221,Punjab,,
12,2017,21.32448387,-0.238387097,2885.5145,0,12.107,Punjab,,
1,2018,20.98274194,-0.262,3847.6465,0,3.441,Punjab,,
2,2018,23.29,-0.217428571,4428.7525,0,21.01,Punjab,,
3,2018,31.52735484,-0.268032258,4022.5925,0,17.61,Punjab,,
4,2018,36.5491,-0.268666667,2357.8925,0,20.603,Punjab,,
5,2018,39.78090323,-0.244645161,2016.603,0,16.858,Punjab,,
6,2018,38.66606667,-0.190133333,2356.831,0,38.571,Punjab,,
7,2018,33.67077419,-0.132451613,3063.661,0,120.609,Punjab,,
8,2018,33.382,-0.193709677,3804.0465,0,54.358,Punjab,,
9,2018,34.08243333,-0.2851,3557.2595,0,30.022,Punjab,,
10,2018,32.95403226,-0.309774194,3015.85,0,5.381,Punjab,,
11,2018,28.6703,-0.256266667,2724.717,0,3.737,Punjab,,
12,2018,21.28309677,-0.286903226,3321.693,0,5.956,Punjab,,
1,2019,17.74948387,-0.121354839,3957.1885,0,29.336,Punjab,,
2,2019,20.39360714,-0.165107143,4815.1125,1,45.088,Punjab,,
3,2019,26.12754839,-0.165516129,4425.172,0,33.91,Punjab,,
4,2019,35.08,-0.2499,2834.0635,0,36.987,Punjab,,
5,2019,40.5476129,-0.291774194,2372.082,0,21.424,Punjab,,
6,2019,40.89386667,-0.283833333,2411.024,0,25.274,Punjab,,
7,2019,35.679,-0.147580645,3285.726,0,96.787,Punjab,,
8,2019,34.7076129,-0.173774194,4213.3685,0,95.391,Punjab,,
9,2019,34.59916667,-0.265033333,4193.758,0,50.801,Punjab,,
10,2019,31.82629032,-0.299387097,3707.167,0,13.937,Punjab,,
11,2019,26.2498,-0.166733333,3171.0315,0,10.302,Punjab,,
12,2019,19.607,-0.145096774,3242.4645,0,9.591,Punjab,,
1,2020,15.64432258,-0.143,4258.249,0,33.568,Punjab,,
2,2020,23.64989655,-0.28537931,4716.2925,0,14.571,Punjab,,
3,2020,25.38329032,-0.112903226,4477.7815,0,66.07,Punjab,,
4,2020,33.85313333,-0.244666667,3252.6185,0,35.948,Punjab,,
5,2020,40.97135484,-0.267548387,2561.799,0,23.549,Punjab,,
6,2020,37.81513333,-0.2754,2725.833,0,34.291,Punjab,,
7,2020,36.17274194,-0.219580645,3352.544,0,84.346,Punjab,,
8,2020,34.48351613,-0.137774194,4320.615,0,117.345,Punjab,,
9,2020,34.38583333,-0.283266667,4184.098,0,72.4,Punjab,,
10,2020,34.59796774,-0.363290323,3148.914,0,1.13,Punjab,,
11,2020,26.92953333,-0.248633333,2988.462,0,5.445,Punjab,,
12,2020,20.89312903,-0.243580645,3469.2105,0,10.395,Punjab,,
1,2021,19.28541935,-0.215290323,4126.6315,0,12.494,Punjab,,
2,2021,25.61832143,-0.306642857,4495.8515,0,4.6,Punjab,,
3,2021,29.4103871,-0.211225806,3900.563,0,37.256,Punjab,,
4,2021,36.0657,-0.240266667,2635.957,0,20.014,Punjab,,
5,2021,39.12425806,-0.268774194,2337.1855,0,18.723,Punjab,,
6,2021,37.39443333,-0.2572,2631.2055,0,30.594,Punjab,,
7,2021,35.89087097,-0.140483871,3475.9925,0,119.279,Punjab,,
8,2021,34.02077419,-0.245354839,3924.081,0,63.933,Punjab,,
9,2021,33.836,-0.240433333,3932.6785,0,88.586,Punjab,,
10,2021,32.75680645,-0.336387097,3292.476,0,12.031,Punjab,,
11,2021,28.08733333,-0.351566667,2718.661,0,0.206,Punjab,,
12,2021,20.22167742,-0.302645161,3372.6,0,4.978,Punjab,,
3,2000,38.32406452,-0.223451613,1808.503,0,1.118,Sindh,,
4,2000,46.18125,-0.235533333,1422.468,0,0.74,Sindh,,
5,2000,44.04483871,-0.208387097,1295.446,0,0.611,Sindh,,
6,2000,40.8049,-0.1594,1262.7495,0,2.041,Sindh,,
7,2000,38.78006452,-0.094129032,1557.7235,0,45.406,Sindh,,
8,2000,37.38657895,-0.099842105,2174.3345,0,25.867,Sindh,,
9,2000,39.61916667,-0.180033333,2293.0745,0,0.448,Sindh,,
10,2000,42.55516129,-0.23683871,2109.859,0,0,Sindh,,
11,2000,35.4089,-0.285833333,1721.37,0,0.05,Sindh,,
12,2000,30.8036129,-0.290258065,1732.775,0,0.702,Sindh,,
1,2001,29.31596774,-0.293774194,1843.0205,0,1.399,Sindh,,
2,2001,33.19282143,-0.274714286,1904.032,0,2.188,Sindh,,
3,2001,39.41309677,-0.247870968,1738.11,0,2.826,Sindh,,
4,2001,44.21043333,-0.2579,1364.8035,0,3.176,Sindh,,
5,2001,44.34967742,-0.239419355,1224.454,0,1.585,Sindh,,
6,2001,38.3428,-0.172733333,1425.618,0,7.076,Sindh,,
7,2001,34.63772414,-0.039448276,1818.885,0,76.396,Sindh,,
8,2001,36.54348387,-0.124548387,2483.079,0,27.4,Sindh,,
9,2001,39.14376667,-0.2374,2472.605,0,0.66,Sindh,,
10,2001,40.39290323,-0.283419355,2325.92,0,0.606,Sindh,,
11,2001,35.43346667,-0.301233333,1958.8915,0,0.049,Sindh,,
12,2001,30.84612903,-0.275064516,1928.7945,0,1.124,Sindh,,
1,2002,28.30512903,-0.288709677,2070.9505,0,0.946,Sindh,,
2,2002,31.34175,-0.270392857,2072.246,0,1.303,Sindh,,
3,2002,37.87434783,-0.238913043,1902.9065,0,2.751,Sindh,,
4,2002,44.5707931,-0.235724138,1402.3905,0,2.085,Sindh,,
5,2002,46.45574194,-0.257032258,1275.635,0,0.659,Sindh,,
6,2002,41.99026667,-0.219666667,1324.3755,0,8.606,Sindh,,
7,2002,36.71174194,-0.155548387,1555.6425,0,2.139,Sindh,,
8,2002,36.85106452,-0.157967742,1983.453,0,7.653,Sindh,,
9,2002,38.80983333,-0.2459,2175.497,0,1.887,Sindh,,
10,2002,40.86216129,-0.276612903,2031.432,0,0.033,Sindh,,
11,2002,35.33526667,-0.255966667,1892.1625,0,0.127,Sindh,,
12,2002,28.96864516,-0.251129032,1785.775,0,0.32,Sindh,,
1,2003,28.3013871,-0.254129032,1949.368,0,1.908,Sindh,,
2,2003,29.95175,-0.204178571,2069.33,0,5.437,Sindh,,
3,2003,35.86941935,-0.235129032,1787.079,0,2.929,Sindh,,
4,2003,44.13776667,-0.250066667,1435.293,0,2.235,Sindh,,
5,2003,44.05080645,-0.247064516,1279.12,0,1.141,Sindh,,
6,2003,41.04226667,-0.2006,1422.0255,0,3.092,Sindh,,
7,2003,35.76858065,-0.020580645,2234.979,0,221.688,Sindh,,
8,2003,34.19606452,-0.119645161,2891.1005,1,53.055,Sindh,,
9,2003,35.59146667,-0.216033333,2896.4245,0,0.384,Sindh,,
10,2003,39.69029032,-0.296645161,2541.065,0,0.01,Sindh,,
11,2003,33.08246667,-0.277133333,2251.6505,0,0.125,Sindh,,
12,2003,28.130625,-0.271916667,2090.2135,0,0.209,Sindh,,
1,2004,26.51990323,-0.23983871,2267.743,0,3.417,Sindh,,
2,2004,32.28596552,-0.299241379,2421.526,0,0.907,Sindh,,
3,2004,41.52009677,-0.303096774,2072.364,0,1.057,Sindh,,
4,2004,42.41136667,-0.2545,1562.322,0,1.634,Sindh,,
5,2004,43.89803226,-0.238129032,1402.798,0,0.843,Sindh,,
6,2004,39.5325,-0.198733333,1458.9655,0,6.841,Sindh,,
7,2004,36.67135484,-0.165419355,1668.4015,0,7.674,Sindh,,
8,2004,35.43187097,-0.167322581,2211.886,0,25.104,Sindh,,
9,2004,38.81473333,-0.228433333,2489.3245,0,6.805,Sindh,,
10,2004,36.25393548,-0.222258065,2258.4555,0,4.024,Sindh,,
11,2004,34.3537,-0.259266667,2056.846,0,0.457,Sindh,,
12,2004,27.83009677,-0.234612903,2058.6515,0,0.367,Sindh,,
1,2005,24.81322581,-0.218322581,2196.54,0,3.923,Sindh,,
2,2005,29.34692857,-0.172928571,2295.1815,0,5.286,Sindh,,
3,2005,37.47625806,-0.242645161,2097.1395,0,2.636,Sindh,,
4,2005,42.86216667,-0.251633333,1477.065,0,3.458,Sindh,,
5,2005,44.54654839,-0.25816129,1376.3765,0,3.653,Sindh,,
6,2005,43.1012,-0.216833333,1436.5955,0,10.662,Sindh,,
7,2005,37.63793548,-0.124645161,1770.5375,0,20.957,Sindh,,
8,2005,37.00080645,-0.140129032,2230.6035,1,16.756,Sindh,,
9,2005,37.84776667,-0.2099,2611.6795,0,26.334,Sindh,,
10,2005,39.43774194,-0.290483871,2357.615,0,0,Sindh,,
11,2005,34.6015,-0.292066667,1994.5405,0,0.046,Sindh,,
12,2005,28.2193871,-0.279096774,1864.9575,0,0.976,Sindh,,
1,2006,26.70864516,-0.237967742,2044.233,0,2.116,Sindh,,
2,2006,33.33417857,-0.219928571,2264.061,0,2.907,Sindh,,
3,2006,37.55987097,-0.249258065,1959.7435,0,2.549,Sindh,,
4,2006,42.51196667,-0.2527,1430.937,0,2.972,Sindh,,
5,2006,44.08990323,-0.251225806,1279.4355,0,0.476,Sindh,,
6,2006,40.49193333,-0.215,1372.407,0,8.085,Sindh,,
7,2006,36.39493548,-0.113290323,1836.469,0,67.68,Sindh,,
8,2006,33.21454839,-0.017129032,2684.23,0,179.503,Sindh,,
9,2006,36.2585,-0.204133333,3063.4925,1,17.772,Sindh,,
10,2006,37.67783871,-0.271225806,2576.28,0,0.716,Sindh,,
11,2006,33.70873333,-0.276266667,2306.834,0,0.312,Sindh,,
12,2006,26.02158065,-0.217483871,2335.1845,0,5.435,Sindh,,
1,2007,25.87874194,-0.239290323,2410,0,1.521,Sindh,,
2,2007,30.15039286,-0.255821429,2587.1915,0,9.598,Sindh,,
3,2007,34.90477419,-0.227483871,2212.414,0,9.649,Sindh,,
4,2007,44.70083333,-0.285466667,1725.1265,0,2.062,Sindh,,
5,2007,44.26241935,-0.265193548,1541.4425,0,1.323,Sindh,,
6,2007,40.56616667,-0.1557,1737.2525,0,32.789,Sindh,,
7,2007,35.50303226,-0.112258065,2277.482,1,52.853,Sindh,,
8,2007,35.4536129,-0.126387097,2954.636,0,81.727,Sindh,,
9,2007,36.589,-0.235766667,2796.2825,0,12.489,Sindh,,
10,2007,39.20651613,-0.292903226,2469.236,0,0,Sindh,,
11,2007,35.2552,-0.302166667,2170.7325,0,0.046,Sindh,,
12,2007,26.99441935,-0.258064516,2142.129,0,1.169,Sindh,,
1,2008,24.59193548,-0.177645161,2322.9705,0,4.577,Sindh,,
2,2008,29.95831034,-0.281586207,2303.9615,0,1.205,Sindh,,
3,2008,38.92141935,-0.271387097,2067.152,0,0.838,Sindh,,
4,2008,42.28683333,-0.2528,1577.808,0,3.28,Sindh,,
5,2008,42.69809677,-0.251129032,1370.485,0,1.633,Sindh,,
6,2008,37.3006,-0.165366667,1344.843,0,5.944,Sindh,,
7,2008,36.0846129,-0.123677419,1679.2165,0,43.089,Sindh,,
8,2008,35.50925806,-0.110129032,2703.492,0,50.514,Sindh,,
9,2008,37.30746667,-0.238366667,2743.346,0,6.843,Sindh,,
10,2008,39.76267742,-0.284709677,2264.0615,0,0.042,Sindh,,
11,2008,34.53933333,-0.296933333,1919.312,0,0.211,Sindh,,
12,2008,27.32306897,-0.109448276,2079.355,0,7.843,Sindh,,
1,2009,25.20622581,-0.179612903,2338.248,0,5.484,Sindh,,
2,2009,31.23596429,-0.243035714,2401.4075,0,4.524,Sindh,,
3,2009,37.63283871,-0.241032258,2001.32,0,6.11,Sindh,,
4,2009,43.57956667,-0.250066667,1536.4195,0,2.975,Sindh,,
5,2009,45.754,-0.255064516,1401.6105,0,1.067,Sindh,,
6,2009,43.0488,-0.209433333,1537.054,0,5.333,Sindh,,
7,2009,37.1646129,-0.121,1990.056,1,115.776,Sindh,,
8,2009,35.38319355,-0.13516129,2782.703,1,30.152,Sindh,,
9,2009,37.9569,-0.2514,2883.61,0,1.477,Sindh,,
10,2009,38.96864516,-0.295870968,2460.405,0,0,Sindh,,
11,2009,33.14413333,-0.271333333,2014.3285,0,0.097,Sindh,,
12,2009,28.54319355,-0.257064516,2029.011,0,1.825,Sindh,,
1,2010,27.45345161,-0.264258065,2380.4345,0,1.377,Sindh,,
2,2010,31.23157143,-0.250071429,2406.2655,0,5.31,Sindh,,
3,2010,39.97987097,-0.279419355,1841.401,0,1.105,Sindh,,
4,2010,44.2442,-0.2514,1418.025,0,2.28,Sindh,,
5,2010,46.00212903,-0.247290323,1348.2075,0,1.442,Sindh,,
6,2010,40.07426667,-0.192966667,1601.4605,0,12.443,Sindh,,
7,2010,36.81522581,-0.087806452,2175.11,1,92.19,Sindh,,
8,2010,32.84390323,-0.031935484,2959.8295,0,119.964,Sindh,,
9,2010,34.73936667,-0.1625,2989.3645,0,35.737,Sindh,,
10,2010,38.44806452,-0.255516129,2519.105,0,0.063,Sindh,,
11,2010,32.41783333,-0.2417,2270.8335,0,0.213,Sindh,,
12,2010,26.893,-0.274354839,2163.0795,0,0.168,Sindh,,
1,2011,26.3276129,-0.244935484,2310.606,0,1.945,Sindh,,
2,2011,29.85989286,-0.238357143,2598.1405,0,3.417,Sindh,,
3,2011,38.00725806,-0.256645161,2296.9145,0,1.728,Sindh,,
4,2011,43.58216667,-0.246233333,1669.907,0,4.373,Sindh,,
5,2011,44.36309677,-0.267290323,1502.1755,0,0.755,Sindh,,
6,2011,39.71603333,-0.181733333,1472.85,0,1.806,Sindh,,
7,2011,38.04341935,-0.137709677,1928.936,0,30.342,Sindh,,
8,2011,35.83154839,-0.058516129,2841.1845,1,141.872,Sindh,,
9,2011,33.5826,-0.059666667,3169.608,0,98.106,Sindh,,
10,2011,37.55270968,-0.26583871,2817.515,0,0.089,Sindh,,
11,2011,34.5859,-0.233033333,2412.6265,0,0.829,Sindh,,
12,2011,27.40383871,-0.273258065,2194.3135,0,0.223,Sindh,,
1,2012,24.90493548,-0.265645161,2339.349,0,1.05,Sindh,,
2,2012,28.27158621,-0.268482759,2360.118,0,0.814,Sindh,,
3,2012,35.33025806,-0.255774194,2060.455,0,1.209,Sindh,,
4,2012,41.40066667,-0.230166667,1677.6785,0,3.897,Sindh,,
5,2012,43.84825806,-0.257290323,1504.6865,0,2.301,Sindh,,
6,2012,39.44413333,-0.209833333,1547.437,0,1.28,Sindh,,
7,2012,37.93145161,-0.146225806,1694.349,0,14.663,Sindh,,
8,2012,37.46883871,-0.145032258,2321.284,0,20.898,Sindh,,
9,2012,34.7931,-0.1159,3038.068,1,88.66,Sindh,,
10,2012,38.19035484,-0.276870968,2578.1835,0,0.645,Sindh,,
11,2012,33.88356667,-0.279833333,2232.453,0,0.058,Sindh,,
12,2012,27.66422581,-0.253516129,2246.1595,0,1.59,Sindh,,
1,2013,26.51493548,-0.246677419,2364.0675,0,2.701,Sindh,,
2,2013,29.39903571,-0.219964286,2564.249,0,9.728,Sindh,,
3,2013,37.38193548,-0.245709677,2142.3705,0,3.465,Sindh,,
4,2013,41.35783333,-0.2217,1678.16,0,4.983,Sindh,,
5,2013,45.63219355,-0.271322581,1577.0135,0,0.552,Sindh,,
6,2013,40.67693333,-0.1952,1695.873,0,11.06,Sindh,,
7,2013,39.20590323,-0.101516129,2126.3115,1,39.967,Sindh,,
8,2013,35.28748387,-0.090967742,2792.6555,0,56.612,Sindh,,
9,2013,37.9571,-0.2386,2823.596,0,14.005,Sindh,,
10,2013,38.26619355,-0.285709677,2725.214,0,3.883,Sindh,,
11,2013,33.80796667,-0.288433333,2269.2315,0,0.095,Sindh,,
12,2013,27.76525806,-0.290774194,2253.1675,0,0.171,Sindh,,
1,2014,25.59470968,-0.266774194,2338.917,0,1.094,Sindh,,
2,2014,29.61364286,-0.253178571,2566.465,0,1.081,Sindh,,
3,2014,36.10987097,-0.223677419,2247.32,0,4.804,Sindh,,
4,2014,43.23296667,-0.2793,1685.0575,0,3.557,Sindh,,
5,2014,43.27067742,-0.262354839,1531.345,0,3.655,Sindh,,
6,2014,41.7429,-0.236633333,1552.7885,0,0.603,Sindh,,
7,2014,37.91780645,-0.142709677,1840.4235,0,29.556,Sindh,,
8,2014,37.76822581,-0.171548387,2423.7475,0,30.111,Sindh,,
9,2014,37.93256667,-0.2268,2631.9985,0,20.061,Sindh,,
10,2014,39.34812903,-0.254129032,2335.441,0,1.219,Sindh,,
11,2014,34.48073333,-0.276933333,1963.8455,0,0.218,Sindh,,
12,2014,27.91222581,-0.268774194,2002.4045,0,0.325,Sindh,,
1,2015,26.50425806,-0.263870968,2336.693,0,0.854,Sindh,,
2,2015,30.67385714,-0.222535714,2477.133,0,3.761,Sindh,,
3,2015,36.35377419,-0.222096774,2024.515,0,7.532,Sindh,,
4,2015,41.5661,-0.259366667,1506.2785,0,2.017,Sindh,,
5,2015,44.94967742,-0.270548387,1447.4405,0,2.968,Sindh,,
6,2015,39.87653333,-0.195333333,1589.7035,0,8.155,Sindh,,
7,2015,35.89948387,-0.057935484,1896.2625,0,135.486,Sindh,,
8,2015,36.24103226,-0.134903226,2499.531,0,4.435,Sindh,,
9,2015,38.37466667,-0.236466667,2674.8485,0,10.207,Sindh,,
10,2015,39.27103226,-0.290129032,2341.982,0,0.597,Sindh,,
11,2015,33.08483333,-0.291366667,2046.707,0,0.099,Sindh,,
12,2015,27.34693548,-0.25616129,2144.519,0,0.598,Sindh,,
1,2016,28.06735484,-0.249870968,2542.7515,0,1.528,Sindh,,
2,2016,29.8131,-0.282368421,2529.2175,0,0.799,Sindh,,
3,2016,36.86967742,-0.195612903,2042.146,0,8.308,Sindh,,
4,2016,41.8449,-0.230133333,1526.679,0,3.945,Sindh,,
5,2016,43.4326129,-0.256354839,1454.36,0,2.873,Sindh,,
6,2016,41.80063333,-0.2157,1652.721,0,33.801,Sindh,,
7,2016,37.59122581,-0.129419355,2040.722,0,17.697,Sindh,,
8,2016,35.52480645,-0.115096774,2809.7505,0,99.723,Sindh,,
9,2016,37.0205,-0.259666667,2860.841,0,2.028,Sindh,,
10,2016,38.21741935,-0.290419355,2297.8715,0,3.973,Sindh,,
11,2016,34.43216667,-0.3039,2016.893,0,0.094,Sindh,,
12,2016,30.0866129,-0.298258065,2283.4835,0,0.149,Sindh,,
1,2017,24.39829032,-0.218193548,2669.8485,0,7.816,Sindh,,
2,2017,31.05217857,-0.269035714,2634.492,0,2.992,Sindh,,
3,2017,37.62509677,-0.265903226,1996.814,0,2.271,Sindh,,
4,2017,43.46513333,-0.284266667,1503.1465,0,0.647,Sindh,,
5,2017,44.09758065,-0.253967742,1468.8695,0,3.12,Sindh,,
6,2017,40.58943333,-0.1943,1606.403,0,21.929,Sindh,,
7,2017,37.45396774,-0.071709677,2237.6035,0,144.774,Sindh,,
8,2017,35.96054839,-0.153,3130.623,1,49.157,Sindh,,
9,2017,37.18993333,-0.259233333,3083.1595,0,5.614,Sindh,,
10,2017,40.13748387,-0.310806452,2607.281,0,0.035,Sindh,,
11,2017,33.24486667,-0.300133333,2111.6205,0,0.157,Sindh,,
12,2017,26.84332258,-0.248258065,2206.943,0,3.041,Sindh,,
1,2018,27.95280645,-0.295419355,2598.7255,0,0.782,Sindh,,
2,2018,31.18235714,-0.217678571,2570.981,0,3.955,Sindh,,
3,2018,39.53483871,-0.287387097,1972.4195,0,1.906,Sindh,,
4,2018,42.9012,-0.267933333,1473.426,0,3.128,Sindh,,
5,2018,42.85532258,-0.255935484,1415.494,0,1.006,Sindh,,
6,2018,40.98563333,-0.208266667,1491.496,0,9.57,Sindh,,
7,2018,36.78332258,-0.131935484,1719.8685,0,28.882,Sindh,,
8,2018,35.92219355,-0.124774194,2262.587,0,14.282,Sindh,,
9,2018,36.89993333,-0.230566667,2439.524,0,2.101,Sindh,,
10,2018,39.507,-0.27916129,2245.525,0,0.629,Sindh,,
11,2018,34.23853333,-0.2603,1969.1625,0,1.64,Sindh,,
12,2018,28.26358065,-0.288774194,2156.9305,0,1.326,Sindh,,
1,2019,25.79203226,-0.229129032,2455.318,0,9.787,Sindh,,
2,2019,28.82889286,-0.2305,2551.383,0,12.023,Sindh,,
3,2019,35.8616129,-0.209419355,2128.1215,0,13.035,Sindh,,
4,2019,42.9429,-0.2562,1546.0435,0,4.942,Sindh,,
5,2019,44.30051613,-0.263548387,1475.947,0,4.535,Sindh,,
6,2019,41.62813333,-0.236233333,1581.77,0,5.034,Sindh,,
7,2019,37.40825806,-0.146516129,1814.255,0,68.909,Sindh,,
8,2019,34.87422581,-0.105096774,3024.368,0,109.846,Sindh,,
9,2019,35.95493333,-0.2216,3342.854,0,52.358,Sindh,,
10,2019,36.39019355,-0.269290323,2856.567,0,7.363,Sindh,,
11,2019,30.89633333,-0.223633333,2365.594,0,4.924,Sindh,,
12,2019,25.76551613,-0.251806452,2337.4055,0,2.235,Sindh,,
1,2020,23.20383871,-0.23416129,2706.8805,0,3.604,Sindh,,
2,2020,29.95431034,-0.289793103,2771.4595,0,0.905,Sindh,,
3,2020,34.08406452,-0.214516129,2333.7685,0,9.885,Sindh,,
4,2020,41.5925,-0.245166667,1667.229,0,4.746,Sindh,,
5,2020,44.97164516,-0.278225806,1555.7125,0,2.951,Sindh,,
6,2020,41.6191,-0.260033333,1708.088,0,4.929,Sindh,,
7,2020,38.23174194,-0.156580645,2223.0615,0,60.389,Sindh,,
8,2020,33.95222581,-0.072774194,3044.4305,1,159.951,Sindh,,
9,2020,36.13123333,-0.2205,3293.1795,0,51.285,Sindh,,
10,2020,37.62832258,-0.291096774,2506.3555,0,2.254,Sindh,,
11,2020,31.91483333,-0.2911,2242.717,0,0.384,Sindh,,
12,2020,26.59041935,-0.296967742,2454.73,0,0.59,Sindh,,
1,2021,25.41125806,-0.299354839,2705.4425,0,0.941,Sindh,,
2,2021,31.76342857,-0.29825,2695.092,0,0.833,Sindh,,
3,2021,37.00993548,-0.273032258,2118.2145,0,3.807,Sindh,,
4,2021,42.8888,-0.291633333,1618.68,0,3.062,Sindh,,
5,2021,41.89809677,-0.252322581,1613.696,0,3.491,Sindh,,
6,2021,38.92426667,-0.227066667,1718.435,0,16.012,Sindh,,
7,2021,36.08383871,-0.098193548,2128.432,0,54.564,Sindh,,
8,2021,36.74829032,-0.191258065,2627.705,0,1.781,Sindh,,
9,2021,35.79333333,-0.182933333,3276.545,0,80.735,Sindh,,
10,2021,35.31970968,-0.27883871,2821.393,0,3.231,Sindh,,
11,2021,31.99923333,-0.309433333,2305.7085,0,0.233,Sindh,,
12,2021,25.49874194,-0.270225806,2495.3695,0,2.818,Sindh,,
